기관 명,모델명,시리얼,불법주정차 감지수,5분이상 주정차 차량 감지수,동작여부,등록일시
"금천구","GCHIAS","GCHIAS001","0","0","0Y","2022-03-14 00:19:46","",""
"금천구","GCHIAS","GCHIAS002","0","0","0Y","2022-03-14 00:19:46","",""
"금천구","GCHIAS","GCHIAS001","0","0","0Y","2022-03-14 00:39:46","",""
"금천구","GCHIAS","GCHIAS002","0","0","0Y","2022-03-14 00:39:46","",""
"금천구","GCHIAS","GCHIAS001","0","1","0Y","2022-03-14 00:59:46","",""
"금천구","GCHIAS","GCHIAS002","1","0","0Y","2022-03-14 00:59:46","",""
"금천구","GCHIAS","GCHIAS001","0","0","0Y","2022-03-14 01:19:46","",""
"금천구","GCHIAS","GCHIAS002","0","0","0Y","2022-03-14 01:19:46","",""
"금천구","GCHIAS","GCHIAS001","0","0","0Y","2022-03-14 01:39:46","",""
"금천구","GCHIAS","GCHIAS002","0","0","0Y","2022-03-14 01:39:46","",""
"금천구","GCHIAS","GCHIAS001","0","0","0Y","2022-03-14 01:59:46","",""
"금천구","GCHIAS","GCHIAS002","0","0","0Y","2022-03-14 01:59:46","",""
"금천구","GCHIAS","GCHIAS001","0","0","0Y","2022-03-14 02:20:03","",""
"금천구","GCHIAS","GCHIAS002","0","0","0Y","2022-03-14 02:20:03","",""
"금천구","GCHIAS","GCHIAS001","0","0","0Y","2022-03-14 02:39:54","",""
"금천구","GCHIAS","GCHIAS002","0","0","0Y","2022-03-14 02:40:03","",""
"금천구","GCHIAS","GCHIAS001","0","0","0Y","2022-03-14 02:59:54","",""
"금천구","GCHIAS","GCHIAS002","0","0","0Y","2022-03-14 02:59:54","",""
"금천구","GCHIAS","GCHIAS001","0","0","0Y","2022-03-14 03:19:52","",""
"금천구","GCHIAS","GCHIAS002","0","0","0Y","2022-03-14 03:19:55","",""
"금천구","GCHIAS","GCHIAS001","0","0","0Y","2022-03-14 03:39:53","",""
"금천구","GCHIAS","GCHIAS002","0","0","0Y","2022-03-14 03:39:53","",""
"금천구","GCHIAS","GCHIAS001","0","0","0Y","2022-03-14 03:59:45","",""
"금천구","GCHIAS","GCHIAS002","0","0","0Y","2022-03-14 03:59:46","",""
"금천구","GCHIAS","GCHIAS001","0","0","0Y","2022-03-14 04:19:45","",""
"금천구","GCHIAS","GCHIAS002","0","0","0Y","2022-03-14 04:19:46","",""
"금천구","GCHIAS","GCHIAS001","0","0","0Y","2022-03-14 04:39:45","",""
"금천구","GCHIAS","GCHIAS002","0","0","0Y","2022-03-14 04:39:46","",""
"금천구","GCHIAS","GCHIAS001","0","1","0Y","2022-03-14 04:59:45","",""
"금천구","GCHIAS","GCHIAS002","0","0","0Y","2022-03-14 04:59:46","",""
"금천구","GCHIAS","GCHIAS001","0","0","0Y","2022-03-14 05:19:45","",""
"금천구","GCHIAS","GCHIAS002","0","0","0Y","2022-03-14 05:19:46","",""
"금천구","GCHIAS","GCHIAS001","0","0","0Y","2022-03-14 05:39:45","",""
"금천구","GCHIAS","GCHIAS002","0","0","0Y","2022-03-14 05:39:45","",""
"금천구","GCHIAS","GCHIAS001","0","0","0Y","2022-03-14 05:59:45","",""
"금천구","GCHIAS","GCHIAS002","0","0","0Y","2022-03-14 05:59:45","",""
"금천구","GCHIAS","GCHIAS001","0","0","0Y","2022-03-14 06:19:45","",""
"금천구","GCHIAS","GCHIAS002","0","0","0Y","2022-03-14 06:19:45","",""
"금천구","GCHIAS","GCHIAS001","0","0","0Y","2022-03-14 06:39:45","",""
"금천구","GCHIAS","GCHIAS002","0","0","0Y","2022-03-14 06:39:45","",""
"금천구","GCHIAS","GCHIAS001","0","0","0Y","2022-03-14 06:59:45","",""
"금천구","GCHIAS","GCHIAS002","0","0","0Y","2022-03-14 06:59:45","",""
"금천구","GCHIAS","GCHIAS001","0","0","0Y","2022-03-14 07:19:45","",""
"금천구","GCHIAS","GCHIAS002","1","0","0Y","2022-03-14 07:19:45","",""
"금천구","GCHIAS","GCHIAS001","0","0","0Y","2022-03-14 07:39:45","",""
"금천구","GCHIAS","GCHIAS002","0","0","0Y","2022-03-14 07:39:45","",""
"금천구","GCHIAS","GCHIAS002","0","0","0Y","2022-03-14 07:59:45","",""
"금천구","GCHIAS","GCHIAS001","0","0","0Y","2022-03-14 07:59:45","",""
"금천구","GCHIAS","GCHIAS001","0","0","0Y","2022-03-14 08:19:45","",""
"금천구","GCHIAS","GCHIAS002","0","0","0Y","2022-03-14 08:19:45","",""
"금천구","GCHIAS","GCHIAS001","0","0","0Y","2022-03-14 08:39:45","",""
"금천구","GCHIAS","GCHIAS002","0","0","0Y","2022-03-14 08:39:45","",""
"금천구","GCHIAS","GCHIAS002","0","0","0Y","2022-03-14 08:59:45","",""
"금천구","GCHIAS","GCHIAS001","0","0","0Y","2022-03-14 08:59:45","",""
"금천구","GCHIAS","GCHIAS001","0","0","0Y","2022-03-14 09:19:45","",""
"금천구","GCHIAS","GCHIAS002","0","0","0Y","2022-03-14 09:19:45","",""
"금천구","GCHIAS","GCHIAS001","0","0","0Y","2022-03-14 09:39:45","",""
"금천구","GCHIAS","GCHIAS002","1","0","0Y","2022-03-14 09:39:45","",""
"금천구","GCHIAS","GCHIAS001","0","0","0Y","2022-03-14 09:59:45","",""
"금천구","GCHIAS","GCHIAS002","0","0","0Y","2022-03-14 09:59:45","",""
"금천구","GCHIAS","GCHIAS002","0","0","0Y","2022-03-14 10:19:45","",""
"금천구","GCHIAS","GCHIAS001","0","0","0Y","2022-03-14 10:19:45","",""
"금천구","GCHIAS","GCHIAS002","0","0","0Y","2022-03-14 10:39:45","",""
"금천구","GCHIAS","GCHIAS001","0","0","0Y","2022-03-14 10:39:45","",""
"금천구","GCHIAS","GCHIAS002","1","0","0Y","2022-03-14 10:59:45","",""
"금천구","GCHIAS","GCHIAS001","0","0","0Y","2022-03-14 10:59:45","",""
"금천구","GCHIAS","GCHIAS002","0","0","0Y","2022-03-14 11:19:45","",""
"금천구","GCHIAS","GCHIAS001","0","0","0Y","2022-03-14 11:19:45","",""
"금천구","GCHIAS","GCHIAS002","0","0","0Y","2022-03-14 11:39:45","",""
"금천구","GCHIAS","GCHIAS001","0","0","0Y","2022-03-14 11:39:45","",""
"금천구","GCHIAS","GCHIAS002","0","0","0Y","2022-03-14 11:59:45","",""
"금천구","GCHIAS","GCHIAS001","0","0","0Y","2022-03-14 11:59:45","",""
"금천구","GCHIAS","GCHIAS001","0","0","0Y","2022-03-14 12:19:45","",""
"금천구","GCHIAS","GCHIAS002","0","0","0Y","2022-03-14 12:19:45","",""
"금천구","GCHIAS","GCHIAS001","1","0","0Y","2022-03-14 12:39:45","",""
"금천구","GCHIAS","GCHIAS002","1","0","0Y","2022-03-14 12:39:45","",""
"금천구","GCHIAS","GCHIAS001","0","0","0Y","2022-03-14 12:59:45","",""
"금천구","GCHIAS","GCHIAS002","0","0","0Y","2022-03-14 12:59:45","",""
"금천구","GCHIAS","GCHIAS001","0","0","0Y","2022-03-14 13:19:45","",""
"금천구","GCHIAS","GCHIAS002","0","0","0Y","2022-03-14 13:19:45","",""
"금천구","GCHIAS","GCHIAS002","0","0","0Y","2022-03-14 13:39:45","",""
"금천구","GCHIAS","GCHIAS001","1","0","0Y","2022-03-14 13:39:45","",""
"금천구","GCHIAS","GCHIAS002","0","0","0Y","2022-03-14 13:59:45","",""
"금천구","GCHIAS","GCHIAS001","0","0","0Y","2022-03-14 13:59:45","",""
"금천구","GCHIAS","GCHIAS001","0","0","0Y","2022-03-14 14:19:45","",""
"금천구","GCHIAS","GCHIAS002","0","0","0Y","2022-03-14 14:19:45","",""
"금천구","GCHIAS","GCHIAS001","0","0","0Y","2022-03-14 14:39:45","",""
"금천구","GCHIAS","GCHIAS002","0","0","0Y","2022-03-14 14:39:45","",""
"금천구","GCHIAS","GCHIAS001","0","0","0Y","2022-03-14 14:59:45","",""
"금천구","GCHIAS","GCHIAS002","1","0","0Y","2022-03-14 14:59:45","",""
"금천구","GCHIAS","GCHIAS001","0","0","0Y","2022-03-14 15:19:45","",""
"금천구","GCHIAS","GCHIAS002","0","0","0Y","2022-03-14 15:19:46","",""
"금천구","GCHIAS","GCHIAS001","1","0","0Y","2022-03-14 15:39:45","",""
"금천구","GCHIAS","GCHIAS002","1","0","0Y","2022-03-14 15:39:45","",""
"금천구","GCHIAS","GCHIAS001","1","0","0Y","2022-03-14 15:59:45","",""
"금천구","GCHIAS","GCHIAS002","0","0","0Y","2022-03-14 15:59:45","",""
"금천구","GCHIAS","GCHIAS002","1","0","0Y","2022-03-14 16:19:45","",""
"금천구","GCHIAS","GCHIAS001","0","0","0Y","2022-03-14 16:19:45","",""
"금천구","GCHIAS","GCHIAS001","1","0","0Y","2022-03-14 16:39:45","",""
"금천구","GCHIAS","GCHIAS002","0","0","0Y","2022-03-14 16:39:45","",""
"금천구","GCHIAS","GCHIAS001","0","0","0Y","2022-03-14 16:59:45","",""
"금천구","GCHIAS","GCHIAS002","3","0","0Y","2022-03-14 16:59:45","",""
"금천구","GCHIAS","GCHIAS001","0","0","0Y","2022-03-14 17:19:45","",""
"금천구","GCHIAS","GCHIAS002","3","0","0Y","2022-03-14 17:19:45","",""
"금천구","GCHIAS","GCHIAS002","0","0","0Y","2022-03-14 17:39:45","",""
"금천구","GCHIAS","GCHIAS001","0","0","0Y","2022-03-14 17:39:45","",""
"금천구","GCHIAS","GCHIAS001","0","0","0Y","2022-03-14 17:59:45","",""
"금천구","GCHIAS","GCHIAS002","0","0","0Y","2022-03-14 17:59:45","",""
"금천구","GCHIAS","GCHIAS001","0","0","0Y","2022-03-14 18:19:45","",""
"금천구","GCHIAS","GCHIAS002","3","0","0Y","2022-03-14 18:19:45","",""
"금천구","GCHIAS","GCHIAS001","0","0","0Y","2022-03-14 18:39:45","",""
"금천구","GCHIAS","GCHIAS002","0","0","0Y","2022-03-14 18:39:45","",""
"금천구","GCHIAS","GCHIAS001","0","0","0Y","2022-03-14 18:59:45","",""
"금천구","GCHIAS","GCHIAS002","1","0","0Y","2022-03-14 18:59:45","",""
"금천구","GCHIAS","GCHIAS001","0","0","0Y","2022-03-14 19:19:45","",""
"금천구","GCHIAS","GCHIAS002","0","0","0Y","2022-03-14 19:19:45","",""
"금천구","GCHIAS","GCHIAS002","0","0","0Y","2022-03-14 19:39:45","",""
"금천구","GCHIAS","GCHIAS001","3","0","0Y","2022-03-14 19:39:45","",""
"금천구","GCHIAS","GCHIAS002","0","0","0Y","2022-03-14 19:59:45","",""
"금천구","GCHIAS","GCHIAS001","6","0","0Y","2022-03-14 19:59:45","",""
"금천구","GCHIAS","GCHIAS002","2","0","0Y","2022-03-14 20:19:45","",""
"금천구","GCHIAS","GCHIAS001","6","0","0Y","2022-03-14 20:19:45","",""
"금천구","GCHIAS","GCHIAS002","0","0","0Y","2022-03-14 20:39:45","",""
"금천구","GCHIAS","GCHIAS001","4","0","0Y","2022-03-14 20:39:45","",""
"금천구","GCHIAS","GCHIAS001","3","0","0Y","2022-03-14 20:59:45","",""
"금천구","GCHIAS","GCHIAS002","0","0","0Y","2022-03-14 20:59:45","",""
"금천구","GCHIAS","GCHIAS001","3","1","0Y","2022-03-14 21:19:45","",""
"금천구","GCHIAS","GCHIAS002","1","0","0Y","2022-03-14 21:19:45","",""
"금천구","GCHIAS","GCHIAS001","5","0","0Y","2022-03-14 21:39:45","",""
"금천구","GCHIAS","GCHIAS002","0","0","0Y","2022-03-14 21:39:45","",""
"금천구","GCHIAS","GCHIAS002","0","0","0Y","2022-03-14 21:59:45","",""
"금천구","GCHIAS","GCHIAS001","1","0","0Y","2022-03-14 21:59:45","",""
"금천구","GCHIAS","GCHIAS002","0","0","0Y","2022-03-14 22:19:45","",""
"금천구","GCHIAS","GCHIAS001","1","0","0Y","2022-03-14 22:19:45","",""
"금천구","GCHIAS","GCHIAS002","0","0","0Y","2022-03-14 22:39:45","",""
"금천구","GCHIAS","GCHIAS001","0","0","0Y","2022-03-14 22:39:45","",""
"금천구","GCHIAS","GCHIAS001","0","0","0Y","2022-03-14 22:59:44","",""
"금천구","GCHIAS","GCHIAS002","0","0","0Y","2022-03-14 22:59:45","",""
"금천구","GCHIAS","GCHIAS001","0","0","0Y","2022-03-14 23:19:44","",""
"금천구","GCHIAS","GCHIAS002","0","0","0Y","2022-03-14 23:19:45","",""
"금천구","GCHIAS","GCHIAS001","0","0","0Y","2022-03-14 23:39:44","",""
"금천구","GCHIAS","GCHIAS002","0","0","0Y","2022-03-14 23:39:45","",""
"금천구","GCHIAS","GCHIAS001","0","0","0Y","2022-03-14 23:59:44","",""
"금천구","GCHIAS","GCHIAS002","1","0","0Y","2022-03-14 23:59:45","",""
"금천구","GCHIAS","GCHIAS001","0","0","0Y","2022-03-15 00:19:44","",""
"금천구","GCHIAS","GCHIAS002","0","0","0Y","2022-03-15 00:19:45","",""
"금천구","GCHIAS","GCHIAS001","0","0","0Y","2022-03-15 00:39:44","",""
"금천구","GCHIAS","GCHIAS002","0","0","0Y","2022-03-15 00:39:45","",""
"금천구","GCHIAS","GCHIAS001","2","0","0Y","2022-03-15 00:59:44","",""
"금천구","GCHIAS","GCHIAS002","0","1","0Y","2022-03-15 00:59:45","",""
"금천구","GCHIAS","GCHIAS002","1","0","0Y","2022-03-15 01:19:44","",""
"금천구","GCHIAS","GCHIAS001","0","0","0Y","2022-03-15 01:19:44","",""
"금천구","GCHIAS","GCHIAS001","1","0","0Y","2022-03-15 01:39:44","",""
"금천구","GCHIAS","GCHIAS002","0","0","0Y","2022-03-15 01:39:44","",""
"금천구","GCHIAS","GCHIAS002","0","0","0Y","2022-03-15 01:59:44","",""
"금천구","GCHIAS","GCHIAS001","0","0","0Y","2022-03-15 01:59:44","",""
"금천구","GCHIAS","GCHIAS001","0","0","0Y","2022-03-15 02:19:53","",""
"금천구","GCHIAS","GCHIAS002","0","0","0Y","2022-03-15 02:20:14","",""
"금천구","GCHIAS","GCHIAS001","0","0","0Y","2022-03-15 02:40:00","",""
"금천구","GCHIAS","GCHIAS002","0","0","0Y","2022-03-15 02:40:00","",""
"금천구","GCHIAS","GCHIAS001","0","0","0Y","2022-03-15 02:59:48","",""
"금천구","GCHIAS","GCHIAS002","0","0","0Y","2022-03-15 02:59:48","",""
"금천구","GCHIAS","GCHIAS002","0","0","0Y","2022-03-15 03:19:52","",""
"금천구","GCHIAS","GCHIAS001","0","0","0Y","2022-03-15 03:19:52","",""
"금천구","GCHIAS","GCHIAS002","0","0","0Y","2022-03-15 03:39:52","",""
"금천구","GCHIAS","GCHIAS001","0","0","0Y","2022-03-15 03:39:52","",""
"금천구","GCHIAS","GCHIAS001","0","0","0Y","2022-03-15 03:59:44","",""
"금천구","GCHIAS","GCHIAS002","0","0","0Y","2022-03-15 03:59:44","",""
"금천구","GCHIAS","GCHIAS002","0","0","0Y","2022-03-15 04:19:44","",""
"금천구","GCHIAS","GCHIAS001","0","0","0Y","2022-03-15 04:19:44","",""
"금천구","GCHIAS","GCHIAS002","0","0","0Y","2022-03-15 04:39:44","",""
"금천구","GCHIAS","GCHIAS001","0","0","0Y","2022-03-15 04:39:44","",""
"금천구","GCHIAS","GCHIAS002","0","0","0Y","2022-03-15 04:59:44","",""
"금천구","GCHIAS","GCHIAS001","0","0","0Y","2022-03-15 04:59:44","",""
"금천구","GCHIAS","GCHIAS002","0","0","0Y","2022-03-15 05:19:44","",""
"금천구","GCHIAS","GCHIAS001","0","0","0Y","2022-03-15 05:19:44","",""
"금천구","GCHIAS","GCHIAS001","0","0","0Y","2022-03-15 05:39:44","",""
"금천구","GCHIAS","GCHIAS002","0","0","0Y","2022-03-15 05:39:44","",""
"금천구","GCHIAS","GCHIAS001","0","0","0Y","2022-03-15 05:59:44","",""
"금천구","GCHIAS","GCHIAS002","0","0","0Y","2022-03-15 05:59:44","",""
"금천구","GCHIAS","GCHIAS001","0","0","0Y","2022-03-15 06:19:44","",""
"금천구","GCHIAS","GCHIAS002","0","0","0Y","2022-03-15 06:19:44","",""
"금천구","GCHIAS","GCHIAS001","2","0","0Y","2022-03-15 06:39:44","",""
"금천구","GCHIAS","GCHIAS002","0","0","0Y","2022-03-15 06:39:44","",""
"금천구","GCHIAS","GCHIAS001","3","0","0Y","2022-03-15 06:59:44","",""
"금천구","GCHIAS","GCHIAS002","0","0","0Y","2022-03-15 06:59:44","",""
"금천구","GCHIAS","GCHIAS002","0","0","0Y","2022-03-15 07:19:44","",""
"금천구","GCHIAS","GCHIAS001","4","0","0Y","2022-03-15 07:19:44","",""
"금천구","GCHIAS","GCHIAS001","0","0","0Y","2022-03-15 07:39:44","",""
"금천구","GCHIAS","GCHIAS002","0","0","0Y","2022-03-15 07:39:44","",""
"금천구","GCHIAS","GCHIAS001","0","0","0Y","2022-03-15 07:59:44","",""
"금천구","GCHIAS","GCHIAS002","0","0","0Y","2022-03-15 07:59:44","",""
"금천구","GCHIAS","GCHIAS001","0","0","0Y","2022-03-15 08:19:44","",""
"금천구","GCHIAS","GCHIAS002","0","0","0Y","2022-03-15 08:19:44","",""
"금천구","GCHIAS","GCHIAS001","0","0","0Y","2022-03-15 08:39:44","",""
"금천구","GCHIAS","GCHIAS002","1","0","0Y","2022-03-15 08:39:44","",""
"금천구","GCHIAS","GCHIAS002","0","0","0Y","2022-03-15 08:59:44","",""
"금천구","GCHIAS","GCHIAS001","0","0","0Y","2022-03-15 08:59:44","",""
"금천구","GCHIAS","GCHIAS001","0","0","0Y","2022-03-15 09:19:44","",""
"금천구","GCHIAS","GCHIAS002","0","0","0Y","2022-03-15 09:19:44","",""
"금천구","GCHIAS","GCHIAS001","0","0","0Y","2022-03-15 09:39:44","",""
"금천구","GCHIAS","GCHIAS002","1","0","0Y","2022-03-15 09:39:44","",""
"금천구","GCHIAS","GCHIAS001","0","0","0Y","2022-03-15 09:59:44","",""
"금천구","GCHIAS","GCHIAS002","1","0","0Y","2022-03-15 09:59:44","",""
"금천구","GCHIAS","GCHIAS001","1","0","0Y","2022-03-15 10:19:44","",""
"금천구","GCHIAS","GCHIAS002","0","0","0Y","2022-03-15 10:19:44","",""
"금천구","GCHIAS","GCHIAS002","0","0","0Y","2022-03-15 10:39:44","",""
"금천구","GCHIAS","GCHIAS001","0","0","0Y","2022-03-15 10:39:44","",""
"금천구","GCHIAS","GCHIAS002","2","0","0Y","2022-03-15 10:59:44","",""
"금천구","GCHIAS","GCHIAS001","0","0","0Y","2022-03-15 10:59:44","",""
"금천구","GCHIAS","GCHIAS001","0","0","0Y","2022-03-15 11:19:44","",""
"금천구","GCHIAS","GCHIAS002","0","0","0Y","2022-03-15 11:19:44","",""
"금천구","GCHIAS","GCHIAS001","0","0","0Y","2022-03-15 11:39:44","",""
"금천구","GCHIAS","GCHIAS002","2","0","0Y","2022-03-15 11:39:44","",""
"금천구","GCHIAS","GCHIAS001","0","0","0Y","2022-03-15 11:59:44","",""
"금천구","GCHIAS","GCHIAS002","0","0","0Y","2022-03-15 11:59:44","",""
"금천구","GCHIAS","GCHIAS001","0","0","0Y","2022-03-15 12:19:44","",""
"금천구","GCHIAS","GCHIAS002","0","0","0Y","2022-03-15 12:19:44","",""
"금천구","GCHIAS","GCHIAS001","0","0","0Y","2022-03-15 12:39:44","",""
"금천구","GCHIAS","GCHIAS002","0","0","0Y","2022-03-15 12:39:44","",""
"금천구","GCHIAS","GCHIAS001","0","0","0Y","2022-03-15 12:59:44","",""
"금천구","GCHIAS","GCHIAS002","0","0","0Y","2022-03-15 12:59:44","",""
"금천구","GCHIAS","GCHIAS001","0","0","0Y","2022-03-15 13:19:44","",""
"금천구","GCHIAS","GCHIAS002","0","0","0Y","2022-03-15 13:19:44","",""
"금천구","GCHIAS","GCHIAS001","0","0","0Y","2022-03-15 13:39:44","",""
"금천구","GCHIAS","GCHIAS002","0","0","0Y","2022-03-15 13:39:44","",""
"금천구","GCHIAS","GCHIAS001","0","0","0Y","2022-03-15 13:59:44","",""
"금천구","GCHIAS","GCHIAS002","0","0","0Y","2022-03-15 13:59:44","",""
"금천구","GCHIAS","GCHIAS001","0","0","0Y","2022-03-15 14:19:44","",""
"금천구","GCHIAS","GCHIAS002","0","0","0Y","2022-03-15 14:19:44","",""
"금천구","GCHIAS","GCHIAS001","0","0","0Y","2022-03-15 14:39:44","",""
"금천구","GCHIAS","GCHIAS002","0","0","0Y","2022-03-15 14:39:44","",""
"금천구","GCHIAS","GCHIAS001","0","0","0Y","2022-03-15 14:59:44","",""
"금천구","GCHIAS","GCHIAS002","0","0","0Y","2022-03-15 14:59:44","",""
"금천구","GCHIAS","GCHIAS002","1","0","0Y","2022-03-15 15:19:44","",""
"금천구","GCHIAS","GCHIAS001","0","0","0Y","2022-03-15 15:19:44","",""
"금천구","GCHIAS","GCHIAS001","0","1","0Y","2022-03-15 15:39:44","",""
"금천구","GCHIAS","GCHIAS002","1","0","0Y","2022-03-15 15:39:44","",""
"금천구","GCHIAS","GCHIAS001","0","0","0Y","2022-03-15 15:59:44","",""
"금천구","GCHIAS","GCHIAS002","0","0","0Y","2022-03-15 15:59:44","",""
"금천구","GCHIAS","GCHIAS001","0","0","0Y","2022-03-15 16:19:44","",""
"금천구","GCHIAS","GCHIAS002","1","0","0Y","2022-03-15 16:19:44","",""
"금천구","GCHIAS","GCHIAS001","0","0","0Y","2022-03-15 16:39:44","",""
"금천구","GCHIAS","GCHIAS002","0","0","0Y","2022-03-15 16:39:44","",""
"금천구","GCHIAS","GCHIAS001","0","0","0Y","2022-03-15 16:59:44","",""
"금천구","GCHIAS","GCHIAS002","0","0","0Y","2022-03-15 16:59:45","",""
"금천구","GCHIAS","GCHIAS001","0","0","0Y","2022-03-15 17:19:44","",""
"금천구","GCHIAS","GCHIAS002","0","0","0Y","2022-03-15 17:19:44","",""
"금천구","GCHIAS","GCHIAS001","0","0","0Y","2022-03-15 17:39:44","",""
"금천구","GCHIAS","GCHIAS002","0","0","0Y","2022-03-15 17:39:44","",""
"금천구","GCHIAS","GCHIAS001","0","0","0Y","2022-03-15 17:59:44","",""
"금천구","GCHIAS","GCHIAS002","0","0","0Y","2022-03-15 17:59:44","",""
"금천구","GCHIAS","GCHIAS001","0","0","0Y","2022-03-15 18:19:44","",""
"금천구","GCHIAS","GCHIAS002","1","0","0Y","2022-03-15 18:19:44","",""
"금천구","GCHIAS","GCHIAS001","0","0","0Y","2022-03-15 18:39:44","",""
"금천구","GCHIAS","GCHIAS002","0","0","0Y","2022-03-15 18:39:44","",""
"금천구","GCHIAS","GCHIAS001","0","0","0Y","2022-03-15 18:59:44","",""
"금천구","GCHIAS","GCHIAS002","1","0","0Y","2022-03-15 18:59:44","",""
"금천구","GCHIAS","GCHIAS001","0","1","0Y","2022-03-15 19:19:43","",""
"금천구","GCHIAS","GCHIAS002","0","0","0Y","2022-03-15 19:19:44","",""
"금천구","GCHIAS","GCHIAS001","0","0","0Y","2022-03-15 19:39:43","",""
"금천구","GCHIAS","GCHIAS002","0","0","0Y","2022-03-15 19:39:44","",""
"금천구","GCHIAS","GCHIAS001","0","0","0Y","2022-03-15 19:59:43","",""
"금천구","GCHIAS","GCHIAS002","0","0","0Y","2022-03-15 19:59:44","",""
"금천구","GCHIAS","GCHIAS001","0","0","0Y","2022-03-15 20:19:43","",""
"금천구","GCHIAS","GCHIAS002","0","0","0Y","2022-03-15 20:19:44","",""
"금천구","GCHIAS","GCHIAS001","0","0","0Y","2022-03-15 20:39:43","",""
"금천구","GCHIAS","GCHIAS002","0","0","0Y","2022-03-15 20:39:44","",""
"금천구","GCHIAS","GCHIAS001","0","0","0Y","2022-03-15 20:59:43","",""
"금천구","GCHIAS","GCHIAS002","0","0","0Y","2022-03-15 20:59:43","",""
"금천구","GCHIAS","GCHIAS002","0","0","0Y","2022-03-15 21:19:43","",""
"금천구","GCHIAS","GCHIAS001","0","0","0Y","2022-03-15 21:19:43","",""
"금천구","GCHIAS","GCHIAS001","0","0","0Y","2022-03-15 21:39:43","",""
"금천구","GCHIAS","GCHIAS002","0","0","0Y","2022-03-15 21:39:43","",""
"금천구","GCHIAS","GCHIAS002","0","0","0Y","2022-03-15 21:59:43","",""
"금천구","GCHIAS","GCHIAS001","0","0","0Y","2022-03-15 21:59:43","",""
"금천구","GCHIAS","GCHIAS002","0","0","0Y","2022-03-15 22:19:43","",""
"금천구","GCHIAS","GCHIAS001","0","0","0Y","2022-03-15 22:19:43","",""
"금천구","GCHIAS","GCHIAS001","0","0","0Y","2022-03-15 22:39:43","",""
"금천구","GCHIAS","GCHIAS002","0","0","0Y","2022-03-15 22:39:43","",""
"금천구","GCHIAS","GCHIAS001","0","0","0Y","2022-03-15 22:59:43","",""
"금천구","GCHIAS","GCHIAS002","0","0","0Y","2022-03-15 22:59:43","",""
"금천구","GCHIAS","GCHIAS002","1","0","0Y","2022-03-15 23:19:43","",""
"금천구","GCHIAS","GCHIAS001","0","0","0Y","2022-03-15 23:19:43","",""
"금천구","GCHIAS","GCHIAS001","0","0","0Y","2022-03-15 23:39:43","",""
"금천구","GCHIAS","GCHIAS002","0","0","0Y","2022-03-15 23:39:43","",""
"금천구","GCHIAS","GCHIAS001","0","0","0Y","2022-03-15 23:59:43","",""
"금천구","GCHIAS","GCHIAS002","0","0","0Y","2022-03-15 23:59:43","",""
"금천구","GCHIAS","GCHIAS001","1","0","0Y","2022-03-16 00:19:43","",""
"금천구","GCHIAS","GCHIAS002","0","0","0Y","2022-03-16 00:19:43","",""
"금천구","GCHIAS","GCHIAS002","0","0","0Y","2022-03-16 00:39:43","",""
"금천구","GCHIAS","GCHIAS001","1","0","0Y","2022-03-16 00:39:43","",""
"금천구","GCHIAS","GCHIAS002","0","0","0Y","2022-03-16 00:59:43","",""
"금천구","GCHIAS","GCHIAS001","0","0","0Y","2022-03-16 00:59:43","",""
"금천구","GCHIAS","GCHIAS001","0","0","0Y","2022-03-16 01:19:43","",""
"금천구","GCHIAS","GCHIAS002","0","0","0Y","2022-03-16 01:19:43","",""
"금천구","GCHIAS","GCHIAS001","0","0","0Y","2022-03-16 01:39:43","",""
"금천구","GCHIAS","GCHIAS002","0","0","0Y","2022-03-16 01:39:43","",""
"금천구","GCHIAS","GCHIAS002","0","0","0Y","2022-03-16 01:59:43","",""
"금천구","GCHIAS","GCHIAS001","0","0","0Y","2022-03-16 01:59:43","",""
"금천구","GCHIAS","GCHIAS002","0","0","0Y","2022-03-16 02:19:53","",""
"금천구","GCHIAS","GCHIAS001","0","0","0Y","2022-03-16 02:19:53","",""
"금천구","GCHIAS","GCHIAS002","0","0","0Y","2022-03-16 02:39:46","",""
"금천구","GCHIAS","GCHIAS001","0","0","0Y","2022-03-16 02:39:46","",""
"금천구","GCHIAS","GCHIAS001","0","0","0Y","2022-03-16 02:59:55","",""
"금천구","GCHIAS","GCHIAS002","0","0","0Y","2022-03-16 02:59:55","",""
"금천구","GCHIAS","GCHIAS002","0","0","0Y","2022-03-16 03:19:43","",""
"금천구","GCHIAS","GCHIAS001","0","0","0Y","2022-03-16 03:19:43","",""
"금천구","GCHIAS","GCHIAS002","0","0","0Y","2022-03-16 03:39:47","",""
"금천구","GCHIAS","GCHIAS001","0","0","0Y","2022-03-16 03:39:47","",""
"금천구","GCHIAS","GCHIAS001","0","0","0Y","2022-03-16 03:59:43","",""
"금천구","GCHIAS","GCHIAS002","0","0","0Y","2022-03-16 03:59:43","",""
"금천구","GCHIAS","GCHIAS001","0","0","0Y","2022-03-16 04:19:43","",""
"금천구","GCHIAS","GCHIAS002","0","0","0Y","2022-03-16 04:19:43","",""
"금천구","GCHIAS","GCHIAS002","0","0","0Y","2022-03-16 04:39:43","",""
"금천구","GCHIAS","GCHIAS001","0","0","0Y","2022-03-16 04:39:43","",""
"금천구","GCHIAS","GCHIAS002","0","0","0Y","2022-03-16 04:59:43","",""
"금천구","GCHIAS","GCHIAS001","0","0","0Y","2022-03-16 04:59:43","",""
"금천구","GCHIAS","GCHIAS001","0","0","0Y","2022-03-16 05:19:43","",""
"금천구","GCHIAS","GCHIAS002","0","0","0Y","2022-03-16 05:19:43","",""
"금천구","GCHIAS","GCHIAS001","0","0","0Y","2022-03-16 05:39:43","",""
"금천구","GCHIAS","GCHIAS002","0","0","0Y","2022-03-16 05:39:43","",""
"금천구","GCHIAS","GCHIAS001","0","0","0Y","2022-03-16 05:59:43","",""
"금천구","GCHIAS","GCHIAS002","0","0","0Y","2022-03-16 05:59:43","",""
"금천구","GCHIAS","GCHIAS002","0","0","0Y","2022-03-16 06:19:43","",""
"금천구","GCHIAS","GCHIAS001","0","0","0Y","2022-03-16 06:19:43","",""
"금천구","GCHIAS","GCHIAS001","0","0","0Y","2022-03-16 06:39:43","",""
"금천구","GCHIAS","GCHIAS002","0","0","0Y","2022-03-16 06:39:43","",""
"금천구","GCHIAS","GCHIAS002","0","0","0Y","2022-03-16 06:59:43","",""
"금천구","GCHIAS","GCHIAS001","0","0","0Y","2022-03-16 06:59:43","",""
"금천구","GCHIAS","GCHIAS002","0","0","0Y","2022-03-16 07:19:43","",""
"금천구","GCHIAS","GCHIAS001","0","0","0Y","2022-03-16 07:19:43","",""
"금천구","GCHIAS","GCHIAS001","0","0","0Y","2022-03-16 07:39:43","",""
"금천구","GCHIAS","GCHIAS002","0","0","0Y","2022-03-16 07:39:43","",""
"금천구","GCHIAS","GCHIAS002","0","0","0Y","2022-03-16 07:59:43","",""
"금천구","GCHIAS","GCHIAS001","0","0","0Y","2022-03-16 07:59:43","",""
"금천구","GCHIAS","GCHIAS002","0","0","0Y","2022-03-16 08:19:43","",""
"금천구","GCHIAS","GCHIAS001","0","0","0Y","2022-03-16 08:19:43","",""
"금천구","GCHIAS","GCHIAS002","0","0","0Y","2022-03-16 08:39:43","",""
"금천구","GCHIAS","GCHIAS001","0","0","0Y","2022-03-16 08:39:43","",""
"금천구","GCHIAS","GCHIAS001","0","0","0Y","2022-03-16 08:59:43","",""
"금천구","GCHIAS","GCHIAS002","0","0","0Y","2022-03-16 08:59:43","",""
"금천구","GCHIAS","GCHIAS001","0","0","0Y","2022-03-16 09:19:43","",""
"금천구","GCHIAS","GCHIAS002","1","0","0Y","2022-03-16 09:19:43","",""
"금천구","GCHIAS","GCHIAS002","0","0","0Y","2022-03-16 09:39:43","",""
"금천구","GCHIAS","GCHIAS001","1","0","0Y","2022-03-16 09:39:43","",""
"금천구","GCHIAS","GCHIAS001","0","0","0Y","2022-03-16 09:59:43","",""
"금천구","GCHIAS","GCHIAS002","2","0","0Y","2022-03-16 09:59:43","",""
"금천구","GCHIAS","GCHIAS002","1","0","0Y","2022-03-16 10:19:43","",""
"금천구","GCHIAS","GCHIAS001","0","0","0Y","2022-03-16 10:19:43","",""
"금천구","GCHIAS","GCHIAS001","1","0","0Y","2022-03-16 10:39:43","",""
"금천구","GCHIAS","GCHIAS002","1","0","0Y","2022-03-16 10:39:43","",""
"금천구","GCHIAS","GCHIAS002","0","0","0Y","2022-03-16 10:59:43","",""
"금천구","GCHIAS","GCHIAS001","0","0","0Y","2022-03-16 10:59:43","",""
"금천구","GCHIAS","GCHIAS002","1","0","0Y","2022-03-16 11:19:43","",""
"금천구","GCHIAS","GCHIAS001","0","0","0Y","2022-03-16 11:19:43","",""
"금천구","GCHIAS","GCHIAS002","0","0","0Y","2022-03-16 11:39:43","",""
"금천구","GCHIAS","GCHIAS001","0","0","0Y","2022-03-16 11:39:43","",""
"금천구","GCHIAS","GCHIAS001","0","0","0Y","2022-03-16 11:59:43","",""
"금천구","GCHIAS","GCHIAS002","0","0","0Y","2022-03-16 11:59:43","",""
"금천구","GCHIAS","GCHIAS002","0","0","0Y","2022-03-16 12:19:43","",""
"금천구","GCHIAS","GCHIAS001","0","0","0Y","2022-03-16 12:19:43","",""
"금천구","GCHIAS","GCHIAS001","0","0","0Y","2022-03-16 12:39:43","",""
"금천구","GCHIAS","GCHIAS002","0","0","0Y","2022-03-16 12:39:43","",""
"금천구","GCHIAS","GCHIAS002","3","0","0Y","2022-03-16 12:59:43","",""
"금천구","GCHIAS","GCHIAS001","0","0","0Y","2022-03-16 12:59:43","",""
"금천구","GCHIAS","GCHIAS002","0","0","0Y","2022-03-16 13:19:43","",""
"금천구","GCHIAS","GCHIAS001","0","0","0Y","2022-03-16 13:19:43","",""
"금천구","GCHIAS","GCHIAS002","1","0","0Y","2022-03-16 13:39:43","",""
"금천구","GCHIAS","GCHIAS001","0","0","0Y","2022-03-16 13:39:43","",""
"금천구","GCHIAS","GCHIAS002","0","0","0Y","2022-03-16 13:59:43","",""
"금천구","GCHIAS","GCHIAS001","1","0","0Y","2022-03-16 13:59:43","",""
"금천구","GCHIAS","GCHIAS001","0","0","0Y","2022-03-16 14:19:43","",""
"금천구","GCHIAS","GCHIAS002","1","0","0Y","2022-03-16 14:19:43","",""
"금천구","GCHIAS","GCHIAS002","0","0","0Y","2022-03-16 14:39:43","",""
"금천구","GCHIAS","GCHIAS001","1","0","0Y","2022-03-16 14:39:43","",""
"금천구","GCHIAS","GCHIAS001","1","0","0Y","2022-03-16 14:59:43","",""
"금천구","GCHIAS","GCHIAS002","0","0","0Y","2022-03-16 14:59:43","",""
"금천구","GCHIAS","GCHIAS001","0","0","0Y","2022-03-16 15:19:44","",""
"금천구","GCHIAS","GCHIAS002","1","0","0Y","2022-03-16 15:19:44","",""
"금천구","GCHIAS","GCHIAS001","0","0","0Y","2022-03-16 15:39:42","",""
"금천구","GCHIAS","GCHIAS002","0","0","0Y","2022-03-16 15:39:43","",""
"금천구","GCHIAS","GCHIAS001","0","0","0Y","2022-03-16 15:59:42","",""
"금천구","GCHIAS","GCHIAS002","1","0","0Y","2022-03-16 15:59:43","",""
"금천구","GCHIAS","GCHIAS001","0","0","0Y","2022-03-16 16:19:42","",""
"금천구","GCHIAS","GCHIAS002","2","0","0Y","2022-03-16 16:19:43","",""
"금천구","GCHIAS","GCHIAS001","0","0","0Y","2022-03-16 16:39:42","",""
"금천구","GCHIAS","GCHIAS002","0","0","0Y","2022-03-16 16:39:43","",""
"금천구","GCHIAS","GCHIAS001","0","0","0Y","2022-03-16 16:59:42","",""
"금천구","GCHIAS","GCHIAS002","0","0","0Y","2022-03-16 16:59:43","",""
"금천구","GCHIAS","GCHIAS001","0","0","0Y","2022-03-16 17:19:42","",""
"금천구","GCHIAS","GCHIAS002","1","0","0Y","2022-03-16 17:19:42","",""
"금천구","GCHIAS","GCHIAS001","0","0","0Y","2022-03-16 17:39:42","",""
"금천구","GCHIAS","GCHIAS002","1","0","0Y","2022-03-16 17:39:42","",""
"금천구","GCHIAS","GCHIAS001","0","0","0Y","2022-03-16 17:59:42","",""
"금천구","GCHIAS","GCHIAS002","1","0","0Y","2022-03-16 17:59:42","",""
"금천구","GCHIAS","GCHIAS001","0","0","0Y","2022-03-16 18:19:42","",""
"금천구","GCHIAS","GCHIAS002","0","0","0Y","2022-03-16 18:19:42","",""
"금천구","GCHIAS","GCHIAS001","0","0","0Y","2022-03-16 18:39:42","",""
"금천구","GCHIAS","GCHIAS002","0","0","0Y","2022-03-16 18:39:42","",""
"금천구","GCHIAS","GCHIAS001","0","0","0Y","2022-03-16 18:59:42","",""
"금천구","GCHIAS","GCHIAS002","0","0","0Y","2022-03-16 18:59:42","",""
"금천구","GCHIAS","GCHIAS001","0","0","0Y","2022-03-16 19:19:42","",""
"금천구","GCHIAS","GCHIAS002","0","0","0Y","2022-03-16 19:19:42","",""
"금천구","GCHIAS","GCHIAS002","0","0","0Y","2022-03-16 19:39:42","",""
"금천구","GCHIAS","GCHIAS001","0","0","0Y","2022-03-16 19:39:42","",""
"금천구","GCHIAS","GCHIAS001","1","0","0Y","2022-03-16 19:59:42","",""
"금천구","GCHIAS","GCHIAS002","1","0","0Y","2022-03-16 19:59:42","",""
"금천구","GCHIAS","GCHIAS002","1","0","0Y","2022-03-16 20:19:42","",""
"금천구","GCHIAS","GCHIAS001","0","0","0Y","2022-03-16 20:19:42","",""
"금천구","GCHIAS","GCHIAS001","0","0","0Y","2022-03-16 20:39:42","",""
"금천구","GCHIAS","GCHIAS002","1","0","0Y","2022-03-16 20:39:42","",""
"금천구","GCHIAS","GCHIAS002","0","0","0Y","2022-03-16 20:59:42","",""
"금천구","GCHIAS","GCHIAS001","0","0","0Y","2022-03-16 20:59:42","",""
"금천구","GCHIAS","GCHIAS001","0","0","0Y","2022-03-16 21:19:42","",""
"금천구","GCHIAS","GCHIAS002","1","0","0Y","2022-03-16 21:19:42","",""
"금천구","GCHIAS","GCHIAS002","1","0","0Y","2022-03-16 21:39:42","",""
"금천구","GCHIAS","GCHIAS001","0","0","0Y","2022-03-16 21:39:42","",""
"금천구","GCHIAS","GCHIAS002","0","0","0Y","2022-03-16 21:59:42","",""
"금천구","GCHIAS","GCHIAS001","0","0","0Y","2022-03-16 21:59:42","",""
"금천구","GCHIAS","GCHIAS002","1","0","0Y","2022-03-16 22:19:42","",""
"금천구","GCHIAS","GCHIAS001","0","0","0Y","2022-03-16 22:19:42","",""
"금천구","GCHIAS","GCHIAS002","0","1","0Y","2022-03-16 22:39:42","",""
"금천구","GCHIAS","GCHIAS001","0","0","0Y","2022-03-16 22:39:42","",""
"금천구","GCHIAS","GCHIAS002","0","0","0Y","2022-03-16 22:59:42","",""
"금천구","GCHIAS","GCHIAS001","0","0","0Y","2022-03-16 22:59:42","",""
"금천구","GCHIAS","GCHIAS002","0","0","0Y","2022-03-16 23:19:42","",""
"금천구","GCHIAS","GCHIAS001","0","0","0Y","2022-03-16 23:19:42","",""
"금천구","GCHIAS","GCHIAS002","0","0","0Y","2022-03-16 23:39:42","",""
"금천구","GCHIAS","GCHIAS001","0","0","0Y","2022-03-16 23:39:42","",""
"금천구","GCHIAS","GCHIAS002","1","0","0Y","2022-03-16 23:59:42","",""
"금천구","GCHIAS","GCHIAS001","0","1","0Y","2022-03-16 23:59:42","",""
"금천구","GCHIAS","GCHIAS002","0","0","0Y","2022-03-17 00:19:42","",""
"금천구","GCHIAS","GCHIAS001","0","0","0Y","2022-03-17 00:19:42","",""
"금천구","GCHIAS","GCHIAS001","1","0","0Y","2022-03-17 00:39:42","",""
"금천구","GCHIAS","GCHIAS002","0","0","0Y","2022-03-17 00:39:42","",""
"금천구","GCHIAS","GCHIAS001","0","0","0Y","2022-03-17 00:59:42","",""
"금천구","GCHIAS","GCHIAS002","0","1","0Y","2022-03-17 00:59:42","",""
"금천구","GCHIAS","GCHIAS002","0","0","0Y","2022-03-17 01:19:42","",""
"금천구","GCHIAS","GCHIAS001","0","0","0Y","2022-03-17 01:19:42","",""
"금천구","GCHIAS","GCHIAS001","0","0","0Y","2022-03-17 01:39:42","",""
"금천구","GCHIAS","GCHIAS002","1","0","0Y","2022-03-17 01:39:42","",""
"금천구","GCHIAS","GCHIAS001","0","0","0Y","2022-03-17 01:59:42","",""
"금천구","GCHIAS","GCHIAS002","0","0","0Y","2022-03-17 01:59:42","",""
"금천구","GCHIAS","GCHIAS002","0","0","0Y","2022-03-17 02:19:46","",""
"금천구","GCHIAS","GCHIAS001","0","0","0Y","2022-03-17 02:19:46","",""
"금천구","GCHIAS","GCHIAS001","0","0","0Y","2022-03-17 02:39:53","",""
"금천구","GCHIAS","GCHIAS002","0","0","0Y","2022-03-17 02:39:53","",""
"금천구","GCHIAS","GCHIAS001","0","0","0Y","2022-03-17 02:59:44","",""
"금천구","GCHIAS","GCHIAS002","0","0","0Y","2022-03-17 02:59:44","",""
"금천구","GCHIAS","GCHIAS001","0","0","0Y","2022-03-17 03:19:45","",""
"금천구","GCHIAS","GCHIAS002","1","0","0Y","2022-03-17 03:19:45","",""
"금천구","GCHIAS","GCHIAS001","0","0","0Y","2022-03-17 03:39:45","",""
"금천구","GCHIAS","GCHIAS002","0","0","0Y","2022-03-17 03:39:45","",""
"금천구","GCHIAS","GCHIAS001","0","0","0Y","2022-03-17 03:59:42","",""
"금천구","GCHIAS","GCHIAS002","0","0","0Y","2022-03-17 03:59:42","",""
"금천구","GCHIAS","GCHIAS001","0","0","0Y","2022-03-17 04:19:42","",""
"금천구","GCHIAS","GCHIAS002","0","0","0Y","2022-03-17 04:19:42","",""
"금천구","GCHIAS","GCHIAS001","0","0","0Y","2022-03-17 04:39:42","",""
"금천구","GCHIAS","GCHIAS002","0","0","0Y","2022-03-17 04:39:42","",""
"금천구","GCHIAS","GCHIAS001","0","0","0Y","2022-03-17 04:59:42","",""
"금천구","GCHIAS","GCHIAS002","0","0","0Y","2022-03-17 04:59:42","",""
"금천구","GCHIAS","GCHIAS001","1","0","0Y","2022-03-17 05:19:42","",""
"금천구","GCHIAS","GCHIAS002","0","0","0Y","2022-03-17 05:19:42","",""
"금천구","GCHIAS","GCHIAS001","0","0","0Y","2022-03-17 05:39:42","",""
"금천구","GCHIAS","GCHIAS002","0","0","0Y","2022-03-17 05:39:42","",""
"금천구","GCHIAS","GCHIAS001","0","0","0Y","2022-03-17 05:59:42","",""
"금천구","GCHIAS","GCHIAS002","0","0","0Y","2022-03-17 05:59:42","",""
"금천구","GCHIAS","GCHIAS001","0","0","0Y","2022-03-17 06:19:42","",""
"금천구","GCHIAS","GCHIAS002","0","0","0Y","2022-03-17 06:19:42","",""
"금천구","GCHIAS","GCHIAS001","0","0","0Y","2022-03-17 06:39:42","",""
"금천구","GCHIAS","GCHIAS002","0","0","0Y","2022-03-17 06:39:42","",""
"금천구","GCHIAS","GCHIAS001","0","0","0Y","2022-03-17 06:59:42","",""
"금천구","GCHIAS","GCHIAS002","0","0","0Y","2022-03-17 06:59:42","",""
"금천구","GCHIAS","GCHIAS001","0","0","0Y","2022-03-17 07:19:42","",""
"금천구","GCHIAS","GCHIAS002","1","0","0Y","2022-03-17 07:19:42","",""
"금천구","GCHIAS","GCHIAS001","0","0","0Y","2022-03-17 07:39:42","",""
"금천구","GCHIAS","GCHIAS002","0","0","0Y","2022-03-17 07:39:42","",""
"금천구","GCHIAS","GCHIAS001","0","0","0Y","2022-03-17 07:59:42","",""
"금천구","GCHIAS","GCHIAS002","0","0","0Y","2022-03-17 07:59:42","",""
"금천구","GCHIAS","GCHIAS001","0","0","0Y","2022-03-17 08:19:42","",""
"금천구","GCHIAS","GCHIAS002","0","0","0Y","2022-03-17 08:19:42","",""
"금천구","GCHIAS","GCHIAS001","0","0","0Y","2022-03-17 08:39:42","",""
"금천구","GCHIAS","GCHIAS002","0","0","0Y","2022-03-17 08:39:42","",""
"금천구","GCHIAS","GCHIAS001","0","0","0Y","2022-03-17 08:59:42","",""
"금천구","GCHIAS","GCHIAS002","0","0","0Y","2022-03-17 08:59:42","",""
"금천구","GCHIAS","GCHIAS001","0","0","0Y","2022-03-17 09:19:42","",""
"금천구","GCHIAS","GCHIAS002","0","0","0Y","2022-03-17 09:19:42","",""
"금천구","GCHIAS","GCHIAS001","1","0","0Y","2022-03-17 09:39:42","",""
"금천구","GCHIAS","GCHIAS002","2","0","0Y","2022-03-17 09:39:42","",""
"금천구","GCHIAS","GCHIAS001","0","0","0Y","2022-03-17 09:59:42","",""
"금천구","GCHIAS","GCHIAS002","1","0","0Y","2022-03-17 09:59:42","",""
"금천구","GCHIAS","GCHIAS001","0","0","0Y","2022-03-17 10:19:42","",""
"금천구","GCHIAS","GCHIAS002","0","0","0Y","2022-03-17 10:19:42","",""
"금천구","GCHIAS","GCHIAS001","0","0","0Y","2022-03-17 10:39:42","",""
"금천구","GCHIAS","GCHIAS002","1","0","0Y","2022-03-17 10:39:42","",""
"금천구","GCHIAS","GCHIAS001","0","0","0Y","2022-03-17 10:59:42","",""
"금천구","GCHIAS","GCHIAS002","2","0","0Y","2022-03-17 10:59:42","",""
"금천구","GCHIAS","GCHIAS001","0","0","0Y","2022-03-17 11:19:42","",""
"금천구","GCHIAS","GCHIAS002","1","0","0Y","2022-03-17 11:19:42","",""
"금천구","GCHIAS","GCHIAS001","1","0","0Y","2022-03-17 11:39:42","",""
"금천구","GCHIAS","GCHIAS002","0","0","0Y","2022-03-17 11:39:42","",""
"금천구","GCHIAS","GCHIAS001","1","0","0Y","2022-03-17 11:59:41","",""
"금천구","GCHIAS","GCHIAS002","1","0","0Y","2022-03-17 11:59:42","",""
"금천구","GCHIAS","GCHIAS001","0","0","0Y","2022-03-17 12:19:41","",""
"금천구","GCHIAS","GCHIAS002","0","0","0Y","2022-03-17 12:19:42","",""
"금천구","GCHIAS","GCHIAS001","0","0","0Y","2022-03-17 12:39:41","",""
"금천구","GCHIAS","GCHIAS002","0","0","0Y","2022-03-17 12:39:42","",""
"금천구","GCHIAS","GCHIAS001","0","0","0Y","2022-03-17 12:59:41","",""
"금천구","GCHIAS","GCHIAS002","1","0","0Y","2022-03-17 12:59:42","",""
"금천구","GCHIAS","GCHIAS001","0","0","0Y","2022-03-17 13:19:41","",""
"금천구","GCHIAS","GCHIAS002","1","0","0Y","2022-03-17 13:19:42","",""
"금천구","GCHIAS","GCHIAS001","0","0","0Y","2022-03-17 13:39:41","",""
"금천구","GCHIAS","GCHIAS002","0","1","0Y","2022-03-17 13:39:42","",""
"금천구","GCHIAS","GCHIAS001","0","0","0Y","2022-03-17 13:59:41","",""
"금천구","GCHIAS","GCHIAS002","0","0","0Y","2022-03-17 13:59:41","",""
"금천구","GCHIAS","GCHIAS002","0","0","0Y","2022-03-17 14:19:41","",""
"금천구","GCHIAS","GCHIAS001","0","0","0Y","2022-03-17 14:19:41","",""
"금천구","GCHIAS","GCHIAS002","1","0","0Y","2022-03-17 14:39:41","",""
"금천구","GCHIAS","GCHIAS001","0","0","0Y","2022-03-17 14:39:41","",""
"금천구","GCHIAS","GCHIAS001","0","0","0Y","2022-03-17 14:59:41","",""
"금천구","GCHIAS","GCHIAS002","1","0","0Y","2022-03-17 14:59:41","",""
"금천구","GCHIAS","GCHIAS001","0","0","0Y","2022-03-17 15:19:41","",""
"금천구","GCHIAS","GCHIAS002","0","0","0Y","2022-03-17 15:19:41","",""
"금천구","GCHIAS","GCHIAS002","0","0","0Y","2022-03-17 15:39:41","",""
"금천구","GCHIAS","GCHIAS001","0","0","0Y","2022-03-17 15:39:41","",""
"금천구","GCHIAS","GCHIAS001","0","0","0Y","2022-03-17 15:59:41","",""
"금천구","GCHIAS","GCHIAS002","0","0","0Y","2022-03-17 15:59:41","",""
"금천구","GCHIAS","GCHIAS002","1","0","0Y","2022-03-17 16:19:41","",""
"금천구","GCHIAS","GCHIAS001","0","0","0Y","2022-03-17 16:19:41","",""
"금천구","GCHIAS","GCHIAS001","0","0","0Y","2022-03-17 16:39:41","",""
"금천구","GCHIAS","GCHIAS002","2","0","0Y","2022-03-17 16:39:41","",""
"금천구","GCHIAS","GCHIAS002","1","0","0Y","2022-03-17 16:59:41","",""
"금천구","GCHIAS","GCHIAS001","0","0","0Y","2022-03-17 16:59:41","",""
"금천구","GCHIAS","GCHIAS002","0","0","0Y","2022-03-17 17:19:41","",""
"금천구","GCHIAS","GCHIAS001","0","0","0Y","2022-03-17 17:19:41","",""
"금천구","GCHIAS","GCHIAS002","1","0","0Y","2022-03-17 17:39:41","",""
"금천구","GCHIAS","GCHIAS001","0","0","0Y","2022-03-17 17:39:41","",""
"금천구","GCHIAS","GCHIAS002","0","0","0Y","2022-03-17 17:59:41","",""
"금천구","GCHIAS","GCHIAS001","0","0","0Y","2022-03-17 17:59:41","",""
"금천구","GCHIAS","GCHIAS002","0","0","0Y","2022-03-17 18:19:41","",""
"금천구","GCHIAS","GCHIAS001","0","0","0Y","2022-03-17 18:19:41","",""
"금천구","GCHIAS","GCHIAS002","0","0","0Y","2022-03-17 18:39:41","",""
"금천구","GCHIAS","GCHIAS001","0","0","0Y","2022-03-17 18:39:41","",""
"금천구","GCHIAS","GCHIAS001","0","0","0Y","2022-03-17 18:59:41","",""
"금천구","GCHIAS","GCHIAS002","2","0","0Y","2022-03-17 18:59:41","",""
"금천구","GCHIAS","GCHIAS001","0","0","0Y","2022-03-17 19:19:41","",""
"금천구","GCHIAS","GCHIAS002","1","0","0Y","2022-03-17 19:19:41","",""
"금천구","GCHIAS","GCHIAS002","1","0","0Y","2022-03-17 19:39:41","",""
"금천구","GCHIAS","GCHIAS001","1","0","0Y","2022-03-17 19:39:41","",""
"금천구","GCHIAS","GCHIAS001","0","0","0Y","2022-03-17 19:59:41","",""
"금천구","GCHIAS","GCHIAS002","0","0","0Y","2022-03-17 19:59:41","",""
"금천구","GCHIAS","GCHIAS001","0","0","0Y","2022-03-17 20:19:41","",""
"금천구","GCHIAS","GCHIAS002","0","0","0Y","2022-03-17 20:19:41","",""
"금천구","GCHIAS","GCHIAS002","0","0","0Y","2022-03-17 20:39:41","",""
"금천구","GCHIAS","GCHIAS001","0","0","0Y","2022-03-17 20:39:41","",""
"금천구","GCHIAS","GCHIAS002","1","0","0Y","2022-03-17 20:59:41","",""
"금천구","GCHIAS","GCHIAS001","2","0","0Y","2022-03-17 20:59:41","",""
"금천구","GCHIAS","GCHIAS001","0","1","0Y","2022-03-17 21:19:41","",""
"금천구","GCHIAS","GCHIAS002","0","0","0Y","2022-03-17 21:19:41","",""
"금천구","GCHIAS","GCHIAS001","0","0","0Y","2022-03-17 21:39:41","",""
"금천구","GCHIAS","GCHIAS002","0","0","0Y","2022-03-17 21:39:41","",""
"금천구","GCHIAS","GCHIAS001","0","0","0Y","2022-03-17 21:59:41","",""
"금천구","GCHIAS","GCHIAS002","0","0","0Y","2022-03-17 21:59:41","",""
"금천구","GCHIAS","GCHIAS001","0","0","0Y","2022-03-17 22:19:41","",""
"금천구","GCHIAS","GCHIAS002","1","0","0Y","2022-03-17 22:19:41","",""
"금천구","GCHIAS","GCHIAS001","0","0","0Y","2022-03-17 22:39:41","",""
"금천구","GCHIAS","GCHIAS002","0","1","0Y","2022-03-17 22:39:41","",""
"금천구","GCHIAS","GCHIAS001","0","0","0Y","2022-03-17 22:59:41","",""
"금천구","GCHIAS","GCHIAS002","1","0","0Y","2022-03-17 22:59:41","",""
"금천구","GCHIAS","GCHIAS001","0","0","0Y","2022-03-17 23:19:41","",""
"금천구","GCHIAS","GCHIAS002","0","0","0Y","2022-03-17 23:19:41","",""
"금천구","GCHIAS","GCHIAS001","0","0","0Y","2022-03-17 23:39:41","",""
"금천구","GCHIAS","GCHIAS002","0","0","0Y","2022-03-17 23:39:41","",""
"금천구","GCHIAS","GCHIAS001","0","0","0Y","2022-03-17 23:59:41","",""
"금천구","GCHIAS","GCHIAS002","1","0","0Y","2022-03-17 23:59:41","",""
"금천구","GCHIAS","GCHIAS001","1","0","0Y","2022-03-18 00:19:41","",""
"금천구","GCHIAS","GCHIAS002","0","0","0Y","2022-03-18 00:19:41","",""
"금천구","GCHIAS","GCHIAS001","0","0","0Y","2022-03-18 00:39:41","",""
"금천구","GCHIAS","GCHIAS002","0","0","0Y","2022-03-18 00:39:41","",""
"금천구","GCHIAS","GCHIAS001","0","0","0Y","2022-03-18 00:59:41","",""
"금천구","GCHIAS","GCHIAS002","0","0","0Y","2022-03-18 00:59:41","",""
"금천구","GCHIAS","GCHIAS001","0","0","0Y","2022-03-18 01:19:41","",""
"금천구","GCHIAS","GCHIAS002","0","0","0Y","2022-03-18 01:19:41","",""
"금천구","GCHIAS","GCHIAS001","0","0","0Y","2022-03-18 01:39:41","",""
"금천구","GCHIAS","GCHIAS002","0","0","0Y","2022-03-18 01:39:41","",""
"금천구","GCHIAS","GCHIAS001","0","0","0Y","2022-03-18 01:59:41","",""
"금천구","GCHIAS","GCHIAS002","0","0","0Y","2022-03-18 01:59:41","",""
"금천구","GCHIAS","GCHIAS001","0","0","0Y","2022-03-18 02:19:43","",""
"금천구","GCHIAS","GCHIAS002","0","0","0Y","2022-03-18 02:19:53","",""
"금천구","GCHIAS","GCHIAS001","0","0","0Y","2022-03-18 02:39:46","",""
"금천구","GCHIAS","GCHIAS002","0","0","0Y","2022-03-18 02:39:57","",""
"금천구","GCHIAS","GCHIAS001","0","0","0Y","2022-03-18 02:59:41","",""
"금천구","GCHIAS","GCHIAS002","0","0","0Y","2022-03-18 02:59:51","",""
"금천구","GCHIAS","GCHIAS001","0","0","0Y","2022-03-18 03:19:58","",""
"금천구","GCHIAS","GCHIAS002","0","0","0Y","2022-03-18 03:19:58","",""
"금천구","GCHIAS","GCHIAS001","0","0","0Y","2022-03-18 03:39:47","",""
"금천구","GCHIAS","GCHIAS002","0","0","0Y","2022-03-18 03:39:47","",""
"금천구","GCHIAS","GCHIAS001","0","0","0Y","2022-03-18 03:59:41","",""
"금천구","GCHIAS","GCHIAS002","0","0","0Y","2022-03-18 03:59:41","",""
"금천구","GCHIAS","GCHIAS001","0","0","0Y","2022-03-18 04:19:41","",""
"금천구","GCHIAS","GCHIAS002","0","0","0Y","2022-03-18 04:19:41","",""
"금천구","GCHIAS","GCHIAS001","0","0","0Y","2022-03-18 04:39:41","",""
"금천구","GCHIAS","GCHIAS002","0","0","0Y","2022-03-18 04:39:41","",""
"금천구","GCHIAS","GCHIAS001","0","0","0Y","2022-03-18 04:59:41","",""
"금천구","GCHIAS","GCHIAS002","0","0","0Y","2022-03-18 04:59:41","",""
"금천구","GCHIAS","GCHIAS001","0","0","0Y","2022-03-18 05:19:41","",""
"금천구","GCHIAS","GCHIAS002","0","0","0Y","2022-03-18 05:19:41","",""
"금천구","GCHIAS","GCHIAS001","0","0","0Y","2022-03-18 05:39:41","",""
"금천구","GCHIAS","GCHIAS002","0","0","0Y","2022-03-18 05:39:41","",""
"금천구","GCHIAS","GCHIAS001","0","0","0Y","2022-03-18 05:59:41","",""
"금천구","GCHIAS","GCHIAS002","0","0","0Y","2022-03-18 05:59:41","",""
"금천구","GCHIAS","GCHIAS001","0","0","0Y","2022-03-18 06:19:41","",""
"금천구","GCHIAS","GCHIAS002","0","0","0Y","2022-03-18 06:19:41","",""
"금천구","GCHIAS","GCHIAS001","0","0","0Y","2022-03-18 06:39:41","",""
"금천구","GCHIAS","GCHIAS002","0","0","0Y","2022-03-18 06:39:41","",""
"금천구","GCHIAS","GCHIAS001","0","0","0Y","2022-03-18 06:59:41","",""
"금천구","GCHIAS","GCHIAS002","0","0","0Y","2022-03-18 06:59:41","",""
"금천구","GCHIAS","GCHIAS001","0","0","0Y","2022-03-18 07:19:40","",""
"금천구","GCHIAS","GCHIAS002","0","0","0Y","2022-03-18 07:19:41","",""
"금천구","GCHIAS","GCHIAS001","0","0","0Y","2022-03-18 07:39:40","",""
"금천구","GCHIAS","GCHIAS002","0","0","0Y","2022-03-18 07:39:41","",""
"금천구","GCHIAS","GCHIAS001","0","0","0Y","2022-03-18 07:59:40","",""
"금천구","GCHIAS","GCHIAS002","0","0","0Y","2022-03-18 07:59:41","",""
"금천구","GCHIAS","GCHIAS001","0","0","0Y","2022-03-18 08:19:40","",""
"금천구","GCHIAS","GCHIAS002","0","0","0Y","2022-03-18 08:19:41","",""
"금천구","GCHIAS","GCHIAS001","0","0","0Y","2022-03-18 08:39:40","",""
"금천구","GCHIAS","GCHIAS002","0","0","0Y","2022-03-18 08:39:41","",""
"금천구","GCHIAS","GCHIAS001","0","0","0Y","2022-03-18 08:59:40","",""
"금천구","GCHIAS","GCHIAS002","0","0","0Y","2022-03-18 08:59:41","",""
"금천구","GCHIAS","GCHIAS001","0","0","0Y","2022-03-18 09:19:40","",""
"금천구","GCHIAS","GCHIAS002","0","0","0Y","2022-03-18 09:19:41","",""
"금천구","GCHIAS","GCHIAS002","0","0","0Y","2022-03-18 09:39:40","",""
"금천구","GCHIAS","GCHIAS001","0","0","0Y","2022-03-18 09:39:40","",""
"금천구","GCHIAS","GCHIAS002","0","0","0Y","2022-03-18 09:59:40","",""
"금천구","GCHIAS","GCHIAS001","0","0","0Y","2022-03-18 09:59:40","",""
"금천구","GCHIAS","GCHIAS001","0","0","0Y","2022-03-18 10:19:40","",""
"금천구","GCHIAS","GCHIAS002","2","0","0Y","2022-03-18 10:19:40","",""
"금천구","GCHIAS","GCHIAS001","0","0","0Y","2022-03-18 10:39:40","",""
"금천구","GCHIAS","GCHIAS002","1","0","0Y","2022-03-18 10:39:40","",""
"금천구","GCHIAS","GCHIAS001","0","0","0Y","2022-03-18 10:59:40","",""
"금천구","GCHIAS","GCHIAS002","0","0","0Y","2022-03-18 10:59:40","",""
"금천구","GCHIAS","GCHIAS001","0","0","0Y","2022-03-18 11:19:40","",""
"금천구","GCHIAS","GCHIAS002","1","0","0Y","2022-03-18 11:19:40","",""
"금천구","GCHIAS","GCHIAS001","0","0","0Y","2022-03-18 11:39:40","",""
"금천구","GCHIAS","GCHIAS002","2","0","0Y","2022-03-18 11:39:40","",""
"금천구","GCHIAS","GCHIAS001","0","0","0Y","2022-03-18 11:59:40","",""
"금천구","GCHIAS","GCHIAS002","0","0","0Y","2022-03-18 11:59:40","",""
"금천구","GCHIAS","GCHIAS001","0","0","0Y","2022-03-18 12:19:40","",""
"금천구","GCHIAS","GCHIAS002","1","0","0Y","2022-03-18 12:19:40","",""
"금천구","GCHIAS","GCHIAS001","0","0","0Y","2022-03-18 12:39:40","",""
"금천구","GCHIAS","GCHIAS002","2","0","0Y","2022-03-18 12:39:40","",""
"금천구","GCHIAS","GCHIAS001","0","0","0Y","2022-03-18 12:59:40","",""
"금천구","GCHIAS","GCHIAS002","1","0","0Y","2022-03-18 12:59:40","",""
"금천구","GCHIAS","GCHIAS001","0","0","0Y","2022-03-18 13:19:40","",""
"금천구","GCHIAS","GCHIAS002","0","0","0Y","2022-03-18 13:19:40","",""
"금천구","GCHIAS","GCHIAS001","0","0","0Y","2022-03-18 13:39:40","",""
"금천구","GCHIAS","GCHIAS002","1","0","0Y","2022-03-18 13:39:40","",""
"금천구","GCHIAS","GCHIAS001","0","0","0Y","2022-03-18 13:59:40","",""
"금천구","GCHIAS","GCHIAS002","1","0","0Y","2022-03-18 13:59:40","",""
"금천구","GCHIAS","GCHIAS001","0","0","0Y","2022-03-18 14:19:40","",""
"금천구","GCHIAS","GCHIAS002","1","0","0Y","2022-03-18 14:19:40","",""
"금천구","GCHIAS","GCHIAS001","0","0","0Y","2022-03-18 14:39:40","",""
"금천구","GCHIAS","GCHIAS002","1","0","0Y","2022-03-18 14:39:40","",""
"금천구","GCHIAS","GCHIAS001","0","0","0Y","2022-03-18 14:59:40","",""
"금천구","GCHIAS","GCHIAS002","0","0","0Y","2022-03-18 14:59:40","",""
"금천구","GCHIAS","GCHIAS001","0","0","0Y","2022-03-18 15:19:40","",""
"금천구","GCHIAS","GCHIAS002","0","0","0Y","2022-03-18 15:19:40","",""
"금천구","GCHIAS","GCHIAS001","0","0","0Y","2022-03-18 15:39:40","",""
"금천구","GCHIAS","GCHIAS002","0","0","0Y","2022-03-18 15:39:40","",""
"금천구","GCHIAS","GCHIAS002","1","0","0Y","2022-03-18 15:59:40","",""
"금천구","GCHIAS","GCHIAS001","0","0","0Y","2022-03-18 15:59:40","",""
"금천구","GCHIAS","GCHIAS001","0","0","0Y","2022-03-18 16:19:40","",""
"금천구","GCHIAS","GCHIAS002","0","0","0Y","2022-03-18 16:19:40","",""
"금천구","GCHIAS","GCHIAS001","0","0","0Y","2022-03-18 16:39:40","",""
"금천구","GCHIAS","GCHIAS002","1","0","0Y","2022-03-18 16:39:40","",""
"금천구","GCHIAS","GCHIAS002","0","0","0Y","2022-03-18 16:59:40","",""
"금천구","GCHIAS","GCHIAS001","0","0","0Y","2022-03-18 16:59:40","",""
"금천구","GCHIAS","GCHIAS001","0","0","0Y","2022-03-18 17:19:40","",""
"금천구","GCHIAS","GCHIAS002","0","0","0Y","2022-03-18 17:19:40","",""
"금천구","GCHIAS","GCHIAS001","0","0","0Y","2022-03-18 17:39:40","",""
"금천구","GCHIAS","GCHIAS002","1","0","0Y","2022-03-18 17:39:40","",""
"금천구","GCHIAS","GCHIAS001","0","0","0Y","2022-03-18 17:59:40","",""
"금천구","GCHIAS","GCHIAS002","1","0","0Y","2022-03-18 17:59:40","",""
"금천구","GCHIAS","GCHIAS001","0","0","0Y","2022-03-18 18:19:40","",""
"금천구","GCHIAS","GCHIAS002","0","0","0Y","2022-03-18 18:19:40","",""
"금천구","GCHIAS","GCHIAS001","0","0","0Y","2022-03-18 18:39:40","",""
"금천구","GCHIAS","GCHIAS002","0","0","0Y","2022-03-18 18:39:40","",""
"금천구","GCHIAS","GCHIAS001","0","0","0Y","2022-03-18 18:59:40","",""
"금천구","GCHIAS","GCHIAS002","0","0","0Y","2022-03-18 18:59:40","",""
"금천구","GCHIAS","GCHIAS001","0","0","0Y","2022-03-18 19:19:40","",""
"금천구","GCHIAS","GCHIAS002","0","0","0Y","2022-03-18 19:19:40","",""
"금천구","GCHIAS","GCHIAS001","0","0","0Y","2022-03-18 19:39:40","",""
"금천구","GCHIAS","GCHIAS002","0","0","0Y","2022-03-18 19:39:40","",""
"금천구","GCHIAS","GCHIAS001","0","0","0Y","2022-03-18 19:59:40","",""
"금천구","GCHIAS","GCHIAS002","1","0","0Y","2022-03-18 19:59:40","",""
"금천구","GCHIAS","GCHIAS001","0","0","0Y","2022-03-18 20:19:40","",""
"금천구","GCHIAS","GCHIAS002","0","0","0Y","2022-03-18 20:19:40","",""
"금천구","GCHIAS","GCHIAS001","0","0","0Y","2022-03-18 20:39:40","",""
"금천구","GCHIAS","GCHIAS002","1","0","0Y","2022-03-18 20:39:40","",""
"금천구","GCHIAS","GCHIAS002","0","0","0Y","2022-03-18 20:59:40","",""
"금천구","GCHIAS","GCHIAS001","0","0","0Y","2022-03-18 20:59:40","",""
"금천구","GCHIAS","GCHIAS001","0","0","0Y","2022-03-18 21:19:40","",""
"금천구","GCHIAS","GCHIAS002","0","0","0Y","2022-03-18 21:19:40","",""
"금천구","GCHIAS","GCHIAS001","0","0","0Y","2022-03-18 21:39:40","",""
"금천구","GCHIAS","GCHIAS002","0","0","0Y","2022-03-18 21:39:40","",""
"금천구","GCHIAS","GCHIAS002","0","0","0Y","2022-03-18 21:59:40","",""
"금천구","GCHIAS","GCHIAS001","0","0","0Y","2022-03-18 21:59:40","",""
"금천구","GCHIAS","GCHIAS001","0","0","0Y","2022-03-18 22:19:40","",""
"금천구","GCHIAS","GCHIAS002","0","0","0Y","2022-03-18 22:19:40","",""
"금천구","GCHIAS","GCHIAS002","2","0","0Y","2022-03-18 22:39:40","",""
"금천구","GCHIAS","GCHIAS001","0","0","0Y","2022-03-18 22:39:40","",""
"금천구","GCHIAS","GCHIAS001","0","0","0Y","2022-03-18 22:59:40","",""
"금천구","GCHIAS","GCHIAS002","0","0","0Y","2022-03-18 22:59:40","",""
"금천구","GCHIAS","GCHIAS001","0","0","0Y","2022-03-18 23:19:40","",""
"금천구","GCHIAS","GCHIAS002","0","0","0Y","2022-03-18 23:19:40","",""
"금천구","GCHIAS","GCHIAS002","0","0","0Y","2022-03-18 23:39:40","",""
"금천구","GCHIAS","GCHIAS001","0","0","0Y","2022-03-18 23:39:40","",""
"금천구","GCHIAS","GCHIAS001","0","0","0Y","2022-03-18 23:59:40","",""
"금천구","GCHIAS","GCHIAS002","0","0","0Y","2022-03-18 23:59:40","",""
"금천구","GCHIAS","GCHIAS002","0","0","0Y","2022-03-19 00:19:40","",""
"금천구","GCHIAS","GCHIAS001","0","0","0Y","2022-03-19 00:19:40","",""
"금천구","GCHIAS","GCHIAS002","0","0","0Y","2022-03-19 00:39:40","",""
"금천구","GCHIAS","GCHIAS001","1","0","0Y","2022-03-19 00:39:40","",""
"금천구","GCHIAS","GCHIAS002","0","0","0Y","2022-03-19 00:59:40","",""
"금천구","GCHIAS","GCHIAS001","0","0","0Y","2022-03-19 00:59:40","",""
"금천구","GCHIAS","GCHIAS002","0","0","0Y","2022-03-19 01:19:40","",""
"금천구","GCHIAS","GCHIAS001","1","0","0Y","2022-03-19 01:19:40","",""
"금천구","GCHIAS","GCHIAS002","1","0","0Y","2022-03-19 01:39:40","",""
"금천구","GCHIAS","GCHIAS001","0","0","0Y","2022-03-19 01:39:40","",""
"금천구","GCHIAS","GCHIAS002","0","0","0Y","2022-03-19 01:59:40","",""
"금천구","GCHIAS","GCHIAS001","0","0","0Y","2022-03-19 01:59:40","",""
"금천구","GCHIAS","GCHIAS001","0","0","0Y","2022-03-19 02:19:53","",""
"금천구","GCHIAS","GCHIAS002","0","0","0Y","2022-03-19 02:19:53","",""
"금천구","GCHIAS","GCHIAS001","0","0","0Y","2022-03-19 02:39:44","",""
"금천구","GCHIAS","GCHIAS002","0","0","0Y","2022-03-19 02:39:44","",""
"금천구","GCHIAS","GCHIAS002","0","0","0Y","2022-03-19 02:59:55","",""
"금천구","GCHIAS","GCHIAS001","0","0","0Y","2022-03-19 02:59:55","",""
"금천구","GCHIAS","GCHIAS002","0","0","0Y","2022-03-19 03:19:48","",""
"금천구","GCHIAS","GCHIAS001","0","0","0Y","2022-03-19 03:19:48","",""
"금천구","GCHIAS","GCHIAS001","0","0","0Y","2022-03-19 03:39:39","",""
"금천구","GCHIAS","GCHIAS002","0","0","0Y","2022-03-19 03:39:40","",""
"금천구","GCHIAS","GCHIAS001","0","0","0Y","2022-03-19 03:59:39","",""
"금천구","GCHIAS","GCHIAS002","0","0","0Y","2022-03-19 03:59:40","",""
"금천구","GCHIAS","GCHIAS001","0","0","0Y","2022-03-19 04:19:39","",""
"금천구","GCHIAS","GCHIAS002","0","0","0Y","2022-03-19 04:19:40","",""
"금천구","GCHIAS","GCHIAS001","0","0","0Y","2022-03-19 04:39:39","",""
"금천구","GCHIAS","GCHIAS002","0","0","0Y","2022-03-19 04:39:40","",""
"금천구","GCHIAS","GCHIAS001","0","0","0Y","2022-03-19 04:59:39","",""
"금천구","GCHIAS","GCHIAS002","0","0","0Y","2022-03-19 04:59:40","",""
"금천구","GCHIAS","GCHIAS001","0","0","0Y","2022-03-19 05:19:39","",""
"금천구","GCHIAS","GCHIAS002","0","0","0Y","2022-03-19 05:19:39","",""
"금천구","GCHIAS","GCHIAS001","0","0","0Y","2022-03-19 05:39:39","",""
"금천구","GCHIAS","GCHIAS002","0","0","0Y","2022-03-19 05:39:39","",""
"금천구","GCHIAS","GCHIAS002","0","0","0Y","2022-03-19 05:59:39","",""
"금천구","GCHIAS","GCHIAS001","0","0","0Y","2022-03-19 05:59:39","",""
"금천구","GCHIAS","GCHIAS002","0","0","0Y","2022-03-19 06:19:39","",""
"금천구","GCHIAS","GCHIAS001","0","0","0Y","2022-03-19 06:19:39","",""
"금천구","GCHIAS","GCHIAS002","0","0","0Y","2022-03-19 06:39:39","",""
"금천구","GCHIAS","GCHIAS001","0","0","0Y","2022-03-19 06:39:39","",""
"금천구","GCHIAS","GCHIAS002","0","0","0Y","2022-03-19 06:59:39","",""
"금천구","GCHIAS","GCHIAS001","0","0","0Y","2022-03-19 06:59:39","",""
"금천구","GCHIAS","GCHIAS001","0","0","0Y","2022-03-19 07:19:39","",""
"금천구","GCHIAS","GCHIAS002","0","0","0Y","2022-03-19 07:19:39","",""
"금천구","GCHIAS","GCHIAS001","0","0","0Y","2022-03-19 07:39:39","",""
"금천구","GCHIAS","GCHIAS002","0","0","0Y","2022-03-19 07:39:39","",""
"금천구","GCHIAS","GCHIAS001","0","0","0Y","2022-03-19 07:59:39","",""
"금천구","GCHIAS","GCHIAS002","0","0","0Y","2022-03-19 07:59:39","",""
"금천구","GCHIAS","GCHIAS002","0","0","0Y","2022-03-19 08:19:39","",""
"금천구","GCHIAS","GCHIAS001","0","0","0Y","2022-03-19 08:19:39","",""
"금천구","GCHIAS","GCHIAS002","0","0","0Y","2022-03-19 08:39:39","",""
"금천구","GCHIAS","GCHIAS001","0","0","0Y","2022-03-19 08:39:39","",""
"금천구","GCHIAS","GCHIAS002","0","0","0Y","2022-03-19 08:59:39","",""
"금천구","GCHIAS","GCHIAS001","0","0","0Y","2022-03-19 08:59:39","",""
"금천구","GCHIAS","GCHIAS001","0","0","0Y","2022-03-19 09:19:39","",""
"금천구","GCHIAS","GCHIAS002","1","0","0Y","2022-03-19 09:19:39","",""
"금천구","GCHIAS","GCHIAS001","0","0","0Y","2022-03-19 09:39:39","",""
"금천구","GCHIAS","GCHIAS002","2","0","0Y","2022-03-19 09:39:39","",""
"금천구","GCHIAS","GCHIAS001","0","0","0Y","2022-03-19 09:59:39","",""
"금천구","GCHIAS","GCHIAS002","0","0","0Y","2022-03-19 09:59:39","",""
"금천구","GCHIAS","GCHIAS001","1","0","0Y","2022-03-19 10:19:39","",""
"금천구","GCHIAS","GCHIAS002","0","0","0Y","2022-03-19 10:19:39","",""
"금천구","GCHIAS","GCHIAS001","0","0","0Y","2022-03-19 10:39:39","",""
"금천구","GCHIAS","GCHIAS002","0","0","0Y","2022-03-19 10:39:39","",""
"금천구","GCHIAS","GCHIAS001","0","0","0Y","2022-03-19 10:59:39","",""
"금천구","GCHIAS","GCHIAS002","2","0","0Y","2022-03-19 10:59:39","",""
"금천구","GCHIAS","GCHIAS001","1","0","0Y","2022-03-19 11:19:39","",""
"금천구","GCHIAS","GCHIAS002","0","0","0Y","2022-03-19 11:19:39","",""
"금천구","GCHIAS","GCHIAS001","0","0","0Y","2022-03-19 11:39:39","",""
"금천구","GCHIAS","GCHIAS002","2","0","0Y","2022-03-19 11:39:39","",""
"금천구","GCHIAS","GCHIAS001","1","0","0Y","2022-03-19 11:59:39","",""
"금천구","GCHIAS","GCHIAS002","2","0","0Y","2022-03-19 11:59:39","",""
"금천구","GCHIAS","GCHIAS002","3","0","0Y","2022-03-19 12:19:39","",""
"금천구","GCHIAS","GCHIAS001","0","0","0Y","2022-03-19 12:19:39","",""
"금천구","GCHIAS","GCHIAS001","1","0","0Y","2022-03-19 12:39:39","",""
"금천구","GCHIAS","GCHIAS002","3","0","0Y","2022-03-19 12:39:39","",""
"금천구","GCHIAS","GCHIAS001","0","0","0Y","2022-03-19 12:59:39","",""
"금천구","GCHIAS","GCHIAS002","0","0","0Y","2022-03-19 12:59:39","",""
"금천구","GCHIAS","GCHIAS001","0","0","0Y","2022-03-19 13:19:39","",""
"금천구","GCHIAS","GCHIAS002","1","0","0Y","2022-03-19 13:19:39","",""
"금천구","GCHIAS","GCHIAS001","0","0","0Y","2022-03-19 13:39:39","",""
"금천구","GCHIAS","GCHIAS002","0","0","0Y","2022-03-19 13:39:39","",""
"금천구","GCHIAS","GCHIAS001","0","0","0Y","2022-03-19 13:59:39","",""
"금천구","GCHIAS","GCHIAS002","3","0","0Y","2022-03-19 13:59:39","",""
"금천구","GCHIAS","GCHIAS001","1","0","0Y","2022-03-19 14:19:39","",""
"금천구","GCHIAS","GCHIAS002","0","0","0Y","2022-03-19 14:19:39","",""
"금천구","GCHIAS","GCHIAS002","0","0","0Y","2022-03-19 14:39:39","",""
"금천구","GCHIAS","GCHIAS001","0","1","0Y","2022-03-19 14:39:39","",""
"금천구","GCHIAS","GCHIAS001","0","0","0Y","2022-03-19 14:59:39","",""
"금천구","GCHIAS","GCHIAS002","0","0","0Y","2022-03-19 14:59:39","",""
"금천구","GCHIAS","GCHIAS001","0","0","0Y","2022-03-19 15:19:39","",""
"금천구","GCHIAS","GCHIAS002","1","0","0Y","2022-03-19 15:19:39","",""
"금천구","GCHIAS","GCHIAS002","1","0","0Y","2022-03-19 15:39:39","",""
"금천구","GCHIAS","GCHIAS001","0","0","0Y","2022-03-19 15:39:39","",""
"금천구","GCHIAS","GCHIAS001","0","0","0Y","2022-03-19 15:59:39","",""
"금천구","GCHIAS","GCHIAS002","2","0","0Y","2022-03-19 15:59:39","",""
"금천구","GCHIAS","GCHIAS002","0","0","0Y","2022-03-19 16:19:39","",""
"금천구","GCHIAS","GCHIAS001","0","0","0Y","2022-03-19 16:19:39","",""
"금천구","GCHIAS","GCHIAS001","0","0","0Y","2022-03-19 16:39:39","",""
"금천구","GCHIAS","GCHIAS002","2","0","0Y","2022-03-19 16:39:39","",""
"금천구","GCHIAS","GCHIAS001","0","0","0Y","2022-03-19 16:59:39","",""
"금천구","GCHIAS","GCHIAS002","1","0","0Y","2022-03-19 16:59:39","",""
"금천구","GCHIAS","GCHIAS002","0","0","0Y","2022-03-19 17:19:39","",""
"금천구","GCHIAS","GCHIAS001","0","0","0Y","2022-03-19 17:19:39","",""
"금천구","GCHIAS","GCHIAS001","0","0","0Y","2022-03-19 17:39:39","",""
"금천구","GCHIAS","GCHIAS002","0","0","0Y","2022-03-19 17:39:39","",""
"금천구","GCHIAS","GCHIAS001","0","0","0Y","2022-03-19 17:59:39","",""
"금천구","GCHIAS","GCHIAS002","2","0","0Y","2022-03-19 17:59:39","",""
"금천구","GCHIAS","GCHIAS001","1","0","0Y","2022-03-19 18:19:39","",""
"금천구","GCHIAS","GCHIAS002","1","0","0Y","2022-03-19 18:19:39","",""
"금천구","GCHIAS","GCHIAS001","0","0","0Y","2022-03-19 18:39:39","",""
"금천구","GCHIAS","GCHIAS002","0","0","0Y","2022-03-19 18:39:39","",""
"금천구","GCHIAS","GCHIAS001","0","0","0Y","2022-03-19 18:59:39","",""
"금천구","GCHIAS","GCHIAS002","0","0","0Y","2022-03-19 18:59:39","",""
"금천구","GCHIAS","GCHIAS002","0","0","0Y","2022-03-19 19:19:39","",""
"금천구","GCHIAS","GCHIAS001","0","0","0Y","2022-03-19 19:19:39","",""
"금천구","GCHIAS","GCHIAS001","0","0","0Y","2022-03-19 19:39:39","",""
"금천구","GCHIAS","GCHIAS002","0","0","0Y","2022-03-19 19:39:39","",""
"금천구","GCHIAS","GCHIAS002","0","0","0Y","2022-03-19 19:59:39","",""
"금천구","GCHIAS","GCHIAS001","0","0","0Y","2022-03-19 19:59:39","",""
"금천구","GCHIAS","GCHIAS001","0","0","0Y","2022-03-19 20:19:39","",""
"금천구","GCHIAS","GCHIAS002","0","0","0Y","2022-03-19 20:19:39","",""
"금천구","GCHIAS","GCHIAS002","0","0","0Y","2022-03-19 20:39:39","",""
"금천구","GCHIAS","GCHIAS001","0","0","0Y","2022-03-19 20:39:39","",""
"금천구","GCHIAS","GCHIAS001","0","0","0Y","2022-03-19 20:59:39","",""
"금천구","GCHIAS","GCHIAS002","0","0","0Y","2022-03-19 20:59:39","",""
"금천구","GCHIAS","GCHIAS001","0","0","0Y","2022-03-19 21:19:39","",""
"금천구","GCHIAS","GCHIAS002","0","0","0Y","2022-03-19 21:19:39","",""
"금천구","GCHIAS","GCHIAS002","0","0","0Y","2022-03-19 21:39:39","",""
"금천구","GCHIAS","GCHIAS001","0","0","0Y","2022-03-19 21:39:39","",""
"금천구","GCHIAS","GCHIAS002","1","0","0Y","2022-03-19 21:59:39","",""
"금천구","GCHIAS","GCHIAS001","0","0","0Y","2022-03-19 21:59:39","",""
"금천구","GCHIAS","GCHIAS001","0","0","0Y","2022-03-19 22:19:38","",""
"금천구","GCHIAS","GCHIAS002","1","0","0Y","2022-03-19 22:19:39","",""
"금천구","GCHIAS","GCHIAS001","0","0","0Y","2022-03-19 22:39:38","",""
"금천구","GCHIAS","GCHIAS002","0","0","0Y","2022-03-19 22:39:39","",""
"금천구","GCHIAS","GCHIAS001","0","0","0Y","2022-03-19 22:59:38","",""
"금천구","GCHIAS","GCHIAS002","1","0","0Y","2022-03-19 22:59:39","",""
"금천구","GCHIAS","GCHIAS001","0","0","0Y","2022-03-19 23:19:38","",""
"금천구","GCHIAS","GCHIAS002","0","0","0Y","2022-03-19 23:19:39","",""
"금천구","GCHIAS","GCHIAS001","0","0","0Y","2022-03-19 23:39:38","",""
"금천구","GCHIAS","GCHIAS002","0","0","0Y","2022-03-19 23:39:39","",""
"금천구","GCHIAS","GCHIAS001","0","0","0Y","2022-03-19 23:59:38","",""
"금천구","GCHIAS","GCHIAS002","0","0","0Y","2022-03-19 23:59:39","",""
"금천구","GCHIAS","GCHIAS001","0","0","0Y","2022-03-20 00:19:38","",""
"금천구","GCHIAS","GCHIAS002","0","0","0Y","2022-03-20 00:19:39","",""
"금천구","GCHIAS","GCHIAS001","0","0","0Y","2022-03-20 00:39:38","",""
"금천구","GCHIAS","GCHIAS002","0","0","0Y","2022-03-20 00:39:38","",""
"금천구","GCHIAS","GCHIAS001","0","0","0Y","2022-03-20 00:59:38","",""
"금천구","GCHIAS","GCHIAS002","0","0","0Y","2022-03-20 00:59:38","",""
"금천구","GCHIAS","GCHIAS001","0","0","0Y","2022-03-20 01:19:38","",""
"금천구","GCHIAS","GCHIAS002","0","0","0Y","2022-03-20 01:19:38","",""
"금천구","GCHIAS","GCHIAS002","0","0","0Y","2022-03-20 01:39:38","",""
"금천구","GCHIAS","GCHIAS001","0","0","0Y","2022-03-20 01:39:38","",""
"금천구","GCHIAS","GCHIAS002","1","0","0Y","2022-03-20 01:59:38","",""
"금천구","GCHIAS","GCHIAS001","0","0","0Y","2022-03-20 01:59:38","",""
"금천구","GCHIAS","GCHIAS001","0","0","0Y","2022-03-20 02:19:53","",""
"금천구","GCHIAS","GCHIAS002","0","0","0Y","2022-03-20 02:19:53","",""
"금천구","GCHIAS","GCHIAS001","0","0","0Y","2022-03-20 02:39:42","",""
"금천구","GCHIAS","GCHIAS002","0","0","0Y","2022-03-20 02:39:53","",""
"금천구","GCHIAS","GCHIAS001","0","0","0Y","2022-03-20 02:59:40","",""
"금천구","GCHIAS","GCHIAS002","0","0","0Y","2022-03-20 02:59:41","",""
"금천구","GCHIAS","GCHIAS002","0","0","0Y","2022-03-20 03:19:41","",""
"금천구","GCHIAS","GCHIAS001","0","0","0Y","2022-03-20 03:19:41","",""
"금천구","GCHIAS","GCHIAS002","0","0","0Y","2022-03-20 03:39:44","",""
"금천구","GCHIAS","GCHIAS001","0","0","0Y","2022-03-20 03:39:44","",""
"금천구","GCHIAS","GCHIAS001","0","0","0Y","2022-03-20 03:59:39","",""
"금천구","GCHIAS","GCHIAS002","0","0","0Y","2022-03-20 03:59:52","",""
"금천구","GCHIAS","GCHIAS001","0","0","0Y","2022-03-20 04:19:39","",""
"금천구","GCHIAS","GCHIAS002","0","0","0Y","2022-03-20 04:19:39","",""
"금천구","GCHIAS","GCHIAS001","0","0","0Y","2022-03-20 04:39:40","",""
"금천구","GCHIAS","GCHIAS002","0","0","0Y","2022-03-20 04:39:40","",""
"금천구","GCHIAS","GCHIAS001","0","0","0Y","2022-03-20 04:59:46","",""
"금천구","GCHIAS","GCHIAS002","0","0","0Y","2022-03-20 04:59:46","",""
"금천구","GCHIAS","GCHIAS001","0","0","0Y","2022-03-20 05:19:44","",""
"금천구","GCHIAS","GCHIAS002","0","0","0Y","2022-03-20 05:19:44","",""
"금천구","GCHIAS","GCHIAS001","0","0","0Y","2022-03-20 05:39:38","",""
"금천구","GCHIAS","GCHIAS002","0","0","0Y","2022-03-20 05:39:39","",""
"금천구","GCHIAS","GCHIAS001","0","0","0Y","2022-03-20 05:59:38","",""
"금천구","GCHIAS","GCHIAS002","0","0","0Y","2022-03-20 05:59:38","",""
"금천구","GCHIAS","GCHIAS002","0","0","0Y","2022-03-20 06:19:38","",""
"금천구","GCHIAS","GCHIAS001","0","0","0Y","2022-03-20 06:19:38","",""
"금천구","GCHIAS","GCHIAS001","0","0","0Y","2022-03-20 06:39:38","",""
"금천구","GCHIAS","GCHIAS002","0","0","0Y","2022-03-20 06:39:38","",""
"금천구","GCHIAS","GCHIAS002","0","0","0Y","2022-03-20 06:59:38","",""
"금천구","GCHIAS","GCHIAS001","0","0","0Y","2022-03-20 06:59:38","",""
"금천구","GCHIAS","GCHIAS001","0","0","0Y","2022-03-20 07:19:38","",""
"금천구","GCHIAS","GCHIAS002","0","0","0Y","2022-03-20 07:19:38","",""
"금천구","GCHIAS","GCHIAS001","0","0","0Y","2022-03-20 07:39:38","",""
"금천구","GCHIAS","GCHIAS002","0","0","0Y","2022-03-20 07:39:38","",""
"금천구","GCHIAS","GCHIAS001","0","0","0Y","2022-03-20 07:59:38","",""
"금천구","GCHIAS","GCHIAS002","0","0","0Y","2022-03-20 07:59:38","",""
"금천구","GCHIAS","GCHIAS001","0","0","0Y","2022-03-20 08:19:38","",""
"금천구","GCHIAS","GCHIAS002","0","0","0Y","2022-03-20 08:19:38","",""
"금천구","GCHIAS","GCHIAS001","0","0","0Y","2022-03-20 08:39:38","",""
"금천구","GCHIAS","GCHIAS002","0","0","0Y","2022-03-20 08:39:38","",""
"금천구","GCHIAS","GCHIAS002","1","0","0Y","2022-03-20 08:59:38","",""
"금천구","GCHIAS","GCHIAS001","0","0","0Y","2022-03-20 08:59:38","",""
"금천구","GCHIAS","GCHIAS001","0","0","0Y","2022-03-20 09:19:38","",""
"금천구","GCHIAS","GCHIAS002","0","0","0Y","2022-03-20 09:19:38","",""
"금천구","GCHIAS","GCHIAS001","0","0","0Y","2022-03-20 09:39:38","",""
"금천구","GCHIAS","GCHIAS002","0","0","0Y","2022-03-20 09:39:38","",""
"금천구","GCHIAS","GCHIAS002","0","0","0Y","2022-03-20 09:59:38","",""
"금천구","GCHIAS","GCHIAS001","0","0","0Y","2022-03-20 09:59:38","",""
"금천구","GCHIAS","GCHIAS001","0","1","0Y","2022-03-20 10:19:38","",""
"금천구","GCHIAS","GCHIAS002","0","0","0Y","2022-03-20 10:19:38","",""
"금천구","GCHIAS","GCHIAS001","0","0","0Y","2022-03-20 10:39:38","",""
"금천구","GCHIAS","GCHIAS002","2","0","0Y","2022-03-20 10:39:38","",""
"금천구","GCHIAS","GCHIAS001","0","0","0Y","2022-03-20 10:59:38","",""
"금천구","GCHIAS","GCHIAS002","0","0","0Y","2022-03-20 10:59:38","",""
"금천구","GCHIAS","GCHIAS001","0","0","0Y","2022-03-20 11:19:38","",""
"금천구","GCHIAS","GCHIAS002","0","0","0Y","2022-03-20 11:19:38","",""
"금천구","GCHIAS","GCHIAS001","0","0","0Y","2022-03-20 11:39:38","",""
"금천구","GCHIAS","GCHIAS002","0","0","0Y","2022-03-20 11:39:38","",""
"금천구","GCHIAS","GCHIAS001","0","0","0Y","2022-03-20 11:59:38","",""
"금천구","GCHIAS","GCHIAS002","1","0","0Y","2022-03-20 11:59:38","",""
"금천구","GCHIAS","GCHIAS002","2","0","0Y","2022-03-20 12:19:38","",""
"금천구","GCHIAS","GCHIAS001","0","0","0Y","2022-03-20 12:19:38","",""
"금천구","GCHIAS","GCHIAS001","0","0","0Y","2022-03-20 12:39:38","",""
"금천구","GCHIAS","GCHIAS002","0","0","0Y","2022-03-20 12:39:38","",""
"금천구","GCHIAS","GCHIAS001","0","0","0Y","2022-03-20 12:59:38","",""
"금천구","GCHIAS","GCHIAS002","2","0","0Y","2022-03-20 12:59:38","",""
"금천구","GCHIAS","GCHIAS001","0","0","0Y","2022-03-20 13:19:38","",""
"금천구","GCHIAS","GCHIAS002","1","0","0Y","2022-03-20 13:19:38","",""
"금천구","GCHIAS","GCHIAS001","0","0","0Y","2022-03-20 13:39:38","",""
"금천구","GCHIAS","GCHIAS002","1","0","0Y","2022-03-20 13:39:38","",""
"금천구","GCHIAS","GCHIAS001","2","0","0Y","2022-03-20 13:59:38","",""
"금천구","GCHIAS","GCHIAS002","0","0","0Y","2022-03-20 13:59:38","",""
"금천구","GCHIAS","GCHIAS001","0","0","0Y","2022-03-20 14:19:38","",""
"금천구","GCHIAS","GCHIAS002","0","0","0Y","2022-03-20 14:19:38","",""
"금천구","GCHIAS","GCHIAS002","0","0","0Y","2022-03-20 14:39:38","",""
"금천구","GCHIAS","GCHIAS001","1","0","0Y","2022-03-20 14:39:38","",""
"금천구","GCHIAS","GCHIAS001","0","0","0Y","2022-03-20 14:59:38","",""
"금천구","GCHIAS","GCHIAS002","0","0","0Y","2022-03-20 14:59:38","",""
"금천구","GCHIAS","GCHIAS002","0","0","0Y","2022-03-20 15:19:38","",""
"금천구","GCHIAS","GCHIAS001","0","0","0Y","2022-03-20 15:19:38","",""
"금천구","GCHIAS","GCHIAS001","0","0","0Y","2022-03-20 15:39:38","",""
"금천구","GCHIAS","GCHIAS002","0","0","0Y","2022-03-20 15:39:38","",""
"금천구","GCHIAS","GCHIAS002","0","0","0Y","2022-03-20 15:59:38","",""
"금천구","GCHIAS","GCHIAS001","0","0","0Y","2022-03-20 15:59:38","",""
"금천구","GCHIAS","GCHIAS001","0","0","0Y","2022-03-20 16:19:38","",""
"금천구","GCHIAS","GCHIAS002","0","0","0Y","2022-03-20 16:19:38","",""
"금천구","GCHIAS","GCHIAS002","0","0","0Y","2022-03-20 16:39:38","",""
"금천구","GCHIAS","GCHIAS001","0","0","0Y","2022-03-20 16:39:38","",""
"금천구","GCHIAS","GCHIAS002","0","0","0Y","2022-03-20 16:59:38","",""
"금천구","GCHIAS","GCHIAS001","0","0","0Y","2022-03-20 16:59:38","",""
"금천구","GCHIAS","GCHIAS001","0","0","0Y","2022-03-20 17:19:38","",""
"금천구","GCHIAS","GCHIAS002","0","0","0Y","2022-03-20 17:19:38","",""
"금천구","GCHIAS","GCHIAS001","0","0","0Y","2022-03-20 17:39:38","",""
"금천구","GCHIAS","GCHIAS002","0","0","0Y","2022-03-20 17:39:38","",""
"금천구","GCHIAS","GCHIAS002","0","0","0Y","2022-03-20 17:59:38","",""
"금천구","GCHIAS","GCHIAS001","0","0","0Y","2022-03-20 17:59:38","",""
"금천구","GCHIAS","GCHIAS001","0","0","0Y","2022-03-20 18:19:37","",""
"금천구","GCHIAS","GCHIAS002","0","0","0Y","2022-03-20 18:19:38","",""
"금천구","GCHIAS","GCHIAS001","0","0","0Y","2022-03-20 18:39:37","",""
"금천구","GCHIAS","GCHIAS002","0","0","0Y","2022-03-20 18:39:38","",""
"금천구","GCHIAS","GCHIAS001","0","0","0Y","2022-03-20 18:59:37","",""
"금천구","GCHIAS","GCHIAS002","0","0","0Y","2022-03-20 18:59:38","",""
"금천구","GCHIAS","GCHIAS001","0","0","0Y","2022-03-20 19:19:37","",""
"금천구","GCHIAS","GCHIAS002","0","0","0Y","2022-03-20 19:19:38","",""
"금천구","GCHIAS","GCHIAS001","0","0","0Y","2022-03-20 19:39:37","",""
"금천구","GCHIAS","GCHIAS002","1","0","0Y","2022-03-20 19:39:38","",""
"금천구","GCHIAS","GCHIAS001","0","0","0Y","2022-03-20 19:59:37","",""
"금천구","GCHIAS","GCHIAS002","0","0","0Y","2022-03-20 19:59:38","",""
"금천구","GCHIAS","GCHIAS001","0","0","0Y","2022-03-20 20:19:37","",""
"금천구","GCHIAS","GCHIAS002","0","0","0Y","2022-03-20 20:19:38","",""
"금천구","GCHIAS","GCHIAS001","0","0","0Y","2022-03-20 20:39:37","",""
"금천구","GCHIAS","GCHIAS002","0","0","0Y","2022-03-20 20:39:37","",""
"금천구","GCHIAS","GCHIAS001","0","0","0Y","2022-03-20 20:59:37","",""
"금천구","GCHIAS","GCHIAS002","0","0","0Y","2022-03-20 20:59:37","",""
"금천구","GCHIAS","GCHIAS001","0","0","0Y","2022-03-20 21:19:37","",""
"금천구","GCHIAS","GCHIAS002","0","0","0Y","2022-03-20 21:19:37","",""
"금천구","GCHIAS","GCHIAS001","0","0","0Y","2022-03-20 21:39:37","",""
"금천구","GCHIAS","GCHIAS002","0","0","0Y","2022-03-20 21:39:37","",""
"금천구","GCHIAS","GCHIAS001","0","0","0Y","2022-03-20 21:59:37","",""
"금천구","GCHIAS","GCHIAS002","0","0","0Y","2022-03-20 21:59:37","",""
"금천구","GCHIAS","GCHIAS001","0","0","0Y","2022-03-20 22:19:37","",""
"금천구","GCHIAS","GCHIAS002","0","0","0Y","2022-03-20 22:19:37","",""
"금천구","GCHIAS","GCHIAS001","0","0","0Y","2022-03-20 22:39:37","",""
"금천구","GCHIAS","GCHIAS002","0","0","0Y","2022-03-20 22:39:37","",""
"금천구","GCHIAS","GCHIAS001","2","0","0Y","2022-03-20 22:59:37","",""
"금천구","GCHIAS","GCHIAS002","0","0","0Y","2022-03-20 22:59:37","",""
"금천구","GCHIAS","GCHIAS001","0","0","0Y","2022-03-20 23:19:37","",""
"금천구","GCHIAS","GCHIAS002","0","0","0Y","2022-03-20 23:19:37","",""
"금천구","GCHIAS","GCHIAS001","0","0","0Y","2022-03-20 23:39:37","",""
"금천구","GCHIAS","GCHIAS002","0","0","0Y","2022-03-20 23:39:37","",""
"금천구","GCHIAS","GCHIAS002","0","0","0Y","2022-03-20 23:59:37","",""
"금천구","GCHIAS","GCHIAS001","0","0","0Y","2022-03-20 23:59:37","",""
